amino_acid,v,j,total_reads,clone_fraction
CASSSRGLANTQYF,TRBV12-3,TRBJ2-3,8600.0,0.0023618379713239916
CSVVGADTYEQYF,TRBV29-1,TRBJ2-7,8157.0,0.0022401758525685813
CASSRRHLGNTGELFF,TRBV7-2,TRBJ2-2,7551.0,0.002073748665286914
CASSNSDRTYGDNEQFF,TRBV6-2,TRBJ2-1,7181.0,0.001972134706055533
CATSSVLTQQETQYF,TRBV24-1,TRBJ2-5,6543.0,0.0017969192844619624
CSAKGQRGGGYEQYF,TRBV20-1,TRBJ2-7,5714.0,0.0015692490893192193
CASSEGRSNQPQHF,TRBV2,TRBJ1-5,3820.0,0.0010490954709834474
CASSLGTALNTEAFF,TRBV7-8,TRBJ1-1,3742.0,0.0010276741498481832
CASSSNGGGTFTDTQYF,TRBV7-2,TRBJ2-3,3647.0,0.0010015840792347206
CASSPSTDTQYF,TRBV27,TRBJ2-3,2930.0,8.046727041836389E-4
CASSLFSPSSYNEQFF,TRBV7-6,TRBJ2-1,2847.0,7.8187822143714E-4
CASSLLGQGVDNEQFF,TRBV7-8,TRBJ2-1,2667.0,7.324444034326844E-4
CASSLKGRGELFF,TRBV12-3,TRBJ2-2,2478.0,6.805388945280059E-4
CASSEREANEQFF,TRBV6-4,TRBJ2-1,2256.0,6.195705189891773E-4
CSAPSAGGPNEQYF,TRBV20-1,TRBJ2-7,2034.0,5.586021434503487E-4
CSAGLGGDDYGYTF,TRBV20-1,TRBJ1-2,1854.0,5.091683254458931E-4
CASSQDGAGSVTQYF,TRBV4-1,TRBJ2-5,1848.0,5.075205315124111E-4
CSVQRANSYEQYF,TRBV29-1,TRBJ2-7,1844.0,5.064220022234232E-4
CASSRKQLASLGNEQFF,TRBV12-3,TRBJ2-1,1752.0,4.8115582857670154E-4
CASSPTGFEQYF,TRBV3-1,TRBJ2-7,1736.0,4.767617114207499E-4
CSAPLAGGPNEQFF,TRBV20-1,TRBJ2-1,1732.0,4.75663182131762E-4
CASSQDSGGLAYEQYF,TRBV27,TRBJ2-7,1656.0,4.547911256409918E-4
CASSPETAYEQYF,TRBV4-1,TRBJ2-7,1610.0,4.4215803881763097E-4
CASSSEYQETQYF,TRBV5-1,TRBJ2-5,1421.0,3.9025252991295255E-4
CSARERWDSSYEQYF,TRBV20-1,TRBJ2-7,1357.0,3.726760612891461E-4
CASSGHTRTGEYNYGYTF,TRBV5-1,TRBJ1-2,1339.0,3.677326794887005E-4
CASSLSQGAYEQYF,TRBV7-6,TRBJ2-7,1286.0,3.531771664096108E-4
CASSSNRDVTYEQYF,TRBV5-1,TRBJ2-7,1264.0,3.4713525532017737E-4
CAILDPTSGGPLKETQYF,TRBV10-3,TRBJ2-5,1260.0,3.4603672603118947E-4
CASTGTYYGYTF,TRBV12-3,TRBJ1-2,1227.0,3.369738593970392E-4
CSAKDQYSTSSYEQYV,TRBV20-1,TRBJ2-7,1150.0,3.1582717058402214E-4
CSARDLREGVYEQFF,TRBV20-1,TRBJ2-1,1147.0,3.150032736172812E-4
CASSARTSGSIEQYF,TRBV27,TRBJ2-7,1117.0,3.067643039498719E-4
CSARGTIGVLGKNIQYF,TRBV20-1,TRBJ2-4,1074.0,2.9495511409325195E-4
CASAKKGPRYEQYF,TRBV12-4,TRBJ2-7,1017.0,2.7930107172517433E-4
CASSLPQPGLQHTDTQYF,TRBV11-2,TRBJ2-3,1001.0,2.749069545692227E-4
CASSFSGDSSGYEQYF,TRBV5-1,TRBJ2-7,980.0,2.6913967580203624E-4
CASSSSGIAYEQYF,TRBV12-3,TRBJ2-7,977.0,2.683157788352953E-4
CSVLAYNEQFF,TRBV29-1,TRBJ2-1,921.0,2.5293636878946467E-4
CSARGGEGEKLFF,TRBV29-1,TRBJ1-4,916.0,2.5156320717822976E-4
CASSLTERGTDTQYF,TRBV5-1,TRBJ2-3,890.0,2.4442276679980844E-4
CASSPEVDTQYF,TRBV28,TRBJ2-3,873.0,2.3975401732160984E-4
CASSQQPSKGFEQYV,TRBV4-1,TRBJ2-7,865.0,2.3755695874363403E-4
CASKLPLGTSYNEQFF,TRBV7-2,TRBJ2-1,859.0,2.3590916481015217E-4
CASSDRSGGADEQFF,TRBV6-4,TRBJ2-1,858.0,2.356345324879052E-4
CASSYQGAHFSNQPQHF,TRBV6-1,TRBJ1-5,853.0,2.3426137087667032E-4
CASSATTSPRRYEQYF,TRBV11-2,TRBJ2-7,852.0,2.3398673855442334E-4
CATSSGPGTGTYGYTF,TRBV15,TRBJ1-2,845.0,2.320643122986945E-4
CSVEAGVGGTQYF,TRBV29-1,TRBJ2-3,842.0,2.3124041533195358E-4
CASSHGTGGTEAFF,TRBV3-1,TRBJ1-1,840.0,2.3069115068745963E-4
CASSESSGQETQYF,TRBV25-1,TRBJ2-5,816.0,2.2409997495353222E-4
CSARDLVNTEAFF,TRBV20-1,TRBJ1-1,809.0,2.221775486978034E-4
CASSLDTDTQYF,TRBV7-2,TRBJ2-3,797.0,2.1888196083083968E-4
CASSHIGVWEEGNEQFF,TRBV7-3,TRBJ2-1,792.0,2.175087992196048E-4
CASTLRQGSTEAFF,TRBV12-3,TRBJ1-1,790.0,2.1695953457511084E-4
CSARLIPDSVYEQYF,TRBV20-1,TRBJ2-7,787.0,2.1613563760836991E-4
CSVEELAETQYF,TRBV29-1,TRBJ2-5,767.0,2.106429911634304E-4
CASTAEGRAGTEAFF,TRBV12-3,TRBJ1-1,762.0,2.092698295521955E-4
CSGGGAYNEQFF,TRBV29-1,TRBJ2-1,744.0,2.0432644775174996E-4
CSVLPGGVHGYTF,TRBV29-1,TRBJ1-2,741.0,2.0350255078500904E-4
CASSFSGSFSEQYF,TRBV7-2,TRBJ2-7,740.0,2.0322791846276206E-4
CASSLAFPDTQYF,TRBV5-1,TRBJ2-3,723.0,1.9855916898456346E-4
CSARDEDGMGYGYTF,TRBV20-1,TRBJ1-2,718.0,1.9718600737332858E-4
CSANPGRGADTQYF,TRBV29-1,TRBJ2-3,710.0,1.9498894879535277E-4
CASSQESGGINEQFF,TRBV4-1,TRBJ2-1,677.0,1.859260821612026E-4
CASSPTAGGSYEQYF,TRBV7-8,TRBJ2-7,661.0,1.8153196500525097E-4
CSANERSDWQFF,TRBV20-1,TRBJ2-1,660.0,1.81257332683004E-4
CASSPRLLGASYNEQFF,TRBV3-1,TRBJ2-1,657.0,1.8043343571626306E-4
CASSLRRRDQPQHF,TRBV12-3,TRBJ1-5,651.0,1.787856417827812E-4
CSAPDRVAPYNSPLHF,TRBV20-1,TRBJ1-6,647.0,1.776871124937933E-4
CSAFSGTGWNEQFF,TRBV20-1,TRBJ2-1,647.0,1.776871124937933E-4
CASSSTSGPDTQYF,TRBV27,TRBJ2-3,640.0,1.7576468623806447E-4
CASSYRRELNTEAFF,TRBV12-3,TRBJ1-1,635.0,1.7439152462682961E-4
CASSLGLAYNEQFF,TRBV7-8,TRBJ2-1,634.0,1.7411689230458264E-4
CASSTKTRTTGNTEAFF,TRBV5-1,TRBJ1-1,620.0,1.7027203979312497E-4
CSVHRGGREPYEQYF,TRBV29-1,TRBJ2-7,612.0,1.6807498121514916E-4
CASNEPGPAYGYTF,TRBV6-2,TRBJ1-2,610.0,1.675257165706552E-4
CSARGASAINEQFF,TRBV20-1,TRBJ2-1,601.0,1.6505402567043242E-4
CASSVTSGGAADTQYF,TRBV4-2,TRBJ2-3,596.0,1.6368086405919754E-4
CASSEDGMNTEAFF,TRBV10-2,TRBJ1-1,596.0,1.6368086405919754E-4
CASSLLAGHGETQYF,TRBV28,TRBJ2-5,594.0,1.631315994147036E-4
CASRGLRESPLHF,TRBV6-6,TRBJ1-6,592.0,1.6258233477020964E-4
CATSDRTGELFF,TRBV24-1,TRBJ2-2,589.0,1.617584378034687E-4
CASSYSRRNNQPQHF,TRBV6-2,TRBJ1-5,587.0,1.6120917315897476E-4
CASSLEPAFYGYTF,TRBV12-4,TRBJ1-2,581.0,1.595613792254929E-4
CSVALAGGPNEQFF,TRBV29-1,TRBJ2-1,573.0,1.5736432064751712E-4
CSASSQFRYNEQFF,TRBV20-1,TRBJ2-1,569.0,1.562657913585292E-4
CASSVTDTQYF,TRBV9,TRBJ2-3,566.0,1.5544189439178828E-4
CSAPLAGGSRGDTQYF,TRBV20-1,TRBJ2-3,557.0,1.529702034915655E-4
CSFSGVRGADTQYF,TRBV29-1,TRBJ2-3,556.0,1.5269557116931852E-4
CASSDSGLAGRTDTQYF,TRBV27,TRBJ2-3,555.0,1.5242093884707155E-4
CAISESDRVSYEQYF,TRBV10-3,TRBJ2-7,539.0,1.4802682169111993E-4
CASSERRQGAYGYTF,TRBV10-1,TRBJ1-2,536.0,1.47202924724379E-4
CASSLTADQPQHF,TRBV5-1,TRBJ1-5,527.0,1.447312338241562E-4
CASSVGMVSEQYF,TRBV9,TRBJ2-7,525.0,1.4418196917966226E-4
CASSSIRDVDSPLHF,TRBV11-2,TRBJ1-6,523.0,1.436327045351683E-4
CASSVLSGNPNEQFF,TRBV9,TRBJ2-1,523.0,1.436327045351683E-4
CATSRDPSAYASYEQYF,TRBV15,TRBJ2-7,522.0,1.4335807221292133E-4
CSASDPPDEYGYTF,TRBV20-1,TRBJ1-2,519.0,1.425341752461804E-4
CASSRGGNQPQHF,TRBV12-4,TRBJ1-5,517.0,1.4198491060168645E-4
CASSWGDRRQPQHF,TRBV12-3,TRBJ1-5,514.0,1.4116101363494555E-4
CASSLVAEQFF,TRBV12-4,TRBJ2-1,514.0,1.4116101363494555E-4
CAISRGQFTYNEQFF,TRBV10-3,TRBJ2-1,501.0,1.3759079344573486E-4
CASSQDPSGRYDEQFF,TRBV4-1,TRBJ2-1,498.0,1.3676689647899393E-4
CASSLQGANYEQYF,TRBV27,TRBJ2-7,496.0,1.3621763183449998E-4
CSARVPYGSSPLHF,TRBV20-1,TRBJ1-6,490.0,1.3456983790101812E-4
CASSQDVSLAEEKPLETQYF,TRBV4-1,TRBJ2-5,487.0,1.337459409342772E-4
CASSLKMTGVYGYTF,TRBV5-1,TRBJ1-2,486.0,1.3347130861203021E-4
CSARAGAVTEAFF,TRBV20-1,TRBJ1-1,486.0,1.3347130861203021E-4
CASSPSGDSYEQYF,TRBV9,TRBJ2-7,484.0,1.3292204396753626E-4
CASSLNAFKAFF,TRBV5-4,TRBJ1-1,484.0,1.3292204396753626E-4
CSANPRDYLSYEQYF,TRBV20-1,TRBJ2-7,480.0,1.3182351467854836E-4
CASSVTGTGAYEQYF,TRBV28,TRBJ2-7,479.0,1.3154888235630138E-4
CASSMISTDTQYF,TRBV12-4,TRBJ2-3,473.0,1.2990108842281952E-4
CASSLRVVIGANEQFF,TRBV12-3,TRBJ2-1,470.0,1.290771914560786E-4
CATGTTGPGSYNEQFF,TRBV24-1,TRBJ2-1,468.0,1.2852792681158464E-4
CASSLGQGSRPNTEAFF,TRBV7-9,TRBJ1-1,463.0,1.2715476520034976E-4
CASSQDHRTSVSYF,TRBV4-2,TRBJ2-4,462.0,1.2688013287810279E-4
CASSPTGGQPQHF,TRBV3-1,TRBJ1-5,454.0,1.24683074300127E-4
CASSEGGHEQFF,TRBV25-1,TRBJ2-1,447.0,1.2276064804439817E-4
CASSEAELQPQHF,TRBV6-1,TRBJ1-5,439.0,1.2056358946642236E-4
CSVGAEGTNEKLFF,TRBV29-1,TRBJ1-4,437.0,1.2001432482192841E-4
CASSPTPGTSGRGSYNEQFF,TRBV12-3,TRBJ2-1,436.0,1.1973969249968143E-4
CASSESMDTFF,TRBV25-1,TRBJ1-1,435.0,1.1946506017743446E-4
CSAPFLDRGPTREETQYF,TRBV20-1,TRBJ2-5,431.0,1.1836653088844655E-4
CASSDSPTGAYGYTF,TRBV6-1,TRBJ1-2,431.0,1.1836653088844655E-4
CSARGVGASGSSHNEQFF,TRBV20-1,TRBJ2-1,421.0,1.1562020766597679E-4
CASSVGSNEQYF,TRBV7-6,TRBJ2-7,419.0,1.1507094302148284E-4
CASSPQGTAYEQYF,TRBV6-5,TRBJ2-7,416.0,1.1424704605474191E-4
CASTGLALYNEQFF,TRBV12-4,TRBJ2-1,413.0,1.1342314908800098E-4
CASSVDSGSWYNEQFF,TRBV9,TRBJ2-1,410.0,1.1259925212126005E-4
CSLPMGGGPNEQFF,TRBV20-1,TRBJ2-1,410.0,1.1259925212126005E-4
CASSFGRTNSPLHF,TRBV12-4,TRBJ1-6,406.0,1.1150072283227216E-4
CASSSRTGFYEQYF,TRBV7-2,TRBJ2-7,406.0,1.1150072283227216E-4
CATSDMGQNDYNEQFF,TRBV24-1,TRBJ2-1,405.0,1.1122609051002518E-4
CAISEGGQRGTQYF,TRBV10-3,TRBJ2-3,403.0,1.1067682586553123E-4
CASSEDGNTEAFF,TRBV6-4,TRBJ1-1,402.0,1.1040219354328425E-4
CASSRSTGGAADTQYF,TRBV27,TRBJ2-3,401.0,1.1012756122103728E-4
CASSFERRLNTEAFF,TRBV12-4,TRBJ1-1,401.0,1.1012756122103728E-4
CASKERDTTYEQYF,TRBV5-1,TRBJ2-7,400.0,1.098529288987903E-4
CASSQGLGEGNEQFF,TRBV3-1,TRBJ2-1,391.0,1.0738123799856752E-4
CASSFQGAHPINEQFF,TRBV27,TRBJ2-1,388.0,1.0655734103182659E-4
CASSEAGFTYNSPLHF,TRBV2,TRBJ1-6,387.0,1.0628270870957961E-4
CASTPGLGGYEQYF,TRBV27,TRBJ2-7,385.0,1.0573344406508566E-4
CASSSGGSPSTDTQYF,TRBV7-9,TRBJ2-3,381.0,1.0463491477609775E-4
CPVGTGELFF,TRBV20-1,TRBJ2-2,374.0,1.0271248852036893E-4
CSANTNLGTGPLSPLHF,TRBV20-1,TRBJ1-6,373.0,1.0243785619812196E-4
CASSSNMGAYQETQYF,TRBV7-9,TRBJ2-5,373.0,1.0243785619812196E-4
CASSPQAGSGANVLTF,TRBV3-1,TRBJ2-6,369.0,1.0133932690913405E-4
CASIDSGGTDTQYF,TRBV5-1,TRBJ2-3,368.0,1.0106469458688708E-4
CASSQEWASAGDTQYF,TRBV4-2,TRBJ2-3,367.0,1.007900622646401E-4
CSVKGGSGDTDTQYF,TRBV20-1,TRBJ2-3,367.0,1.007900622646401E-4
CASSLVSGSGEQYF,TRBV12-3,TRBJ2-7,367.0,1.007900622646401E-4
CASSLALIGRGDYNEQFF,TRBV12-4,TRBJ2-1,364.0,9.996616529789917E-5
CASTPTSLSYEQYF,TRBV6-6,TRBJ2-7,363.0,9.96915329756522E-5
CSASSGTSGGPPSRAKNIQYF,TRBV20-1,TRBJ2-4,358.0,9.831837136441732E-5
CSARLAGPRDEQFF,TRBV20-1,TRBJ2-1,358.0,9.831837136441732E-5
CSATDKVDEQYV,TRBV20-1,TRBJ2-7,356.0,9.776910671992336E-5
CSTFSGATEAFF,TRBV29-1,TRBJ1-1,355.0,9.749447439767639E-5
CASSLGTGTDTQYF,TRBV7-2,TRBJ2-3,354.0,9.721984207542941E-5
CSNVRGGTEAFF,TRBV29-1,TRBJ1-1,354.0,9.721984207542941E-5
CASSLGTRTDTQYF,TRBV7-9,TRBJ2-3,345.0,9.474815117520664E-5
CASSERENTEAFF,TRBV6-4,TRBJ1-1,340.0,9.337498956397176E-5
CASTVYRVVSGELFF,TRBV5-5,TRBJ2-2,337.0,9.255109259723083E-5
CSAREGGGQETQYF,TRBV20-1,TRBJ2-5,337.0,9.255109259723083E-5
CASSYSEAGQETQYF,TRBV6-5,TRBJ2-5,335.0,9.200182795273688E-5
CASSHATVAYEQYF,TRBV3-1,TRBJ2-7,335.0,9.200182795273688E-5
CASSVLGEGSEQYF,TRBV2,TRBJ2-7,334.0,9.17271956304899E-5
CASSLDRRQNF,TRBV7-9,TRBJ2-7,333.0,9.145256330824292E-5
CASSPPRAGNEQFF,TRBV5-1,TRBJ2-1,330.0,9.0628666341502E-5
CSAWGESNQPQHF,TRBV20-1,TRBJ1-5,330.0,9.0628666341502E-5
CSAKGGQQNEKLFF,TRBV20-1,TRBJ1-4,329.0,9.035403401925502E-5
CASSKSRDRVQGNEQFF,TRBV5-1,TRBJ2-1,328.0,9.007940169700804E-5
CASGPEGLARYNEQFF,TRBV12-5,TRBJ2-1,326.0,8.953013705251409E-5
CSVDPTTGQGEQFF,TRBV29-1,TRBJ2-1,326.0,8.953013705251409E-5
CASSGRRAVEAFF,TRBV7-8,TRBJ1-1,326.0,8.953013705251409E-5
CASSVQDWDSYNEQFF,TRBV3-1,TRBJ2-1,323.0,8.870624008577316E-5
CSVEGLSSYNEQFF,TRBV29-1,TRBJ2-1,321.0,8.815697544127921E-5
CSVEGSPYGYTF,TRBV29-1,TRBJ1-2,318.0,8.73330784745383E-5
CASSRFADYGYTF,TRBV12-4,TRBJ1-2,317.0,8.705844615229132E-5
CASSQRTGRDEQFF,TRBV12-3,TRBJ2-1,316.0,8.678381383004434E-5
CASSLYYEQYV,TRBV7-8,TRBJ2-7,316.0,8.678381383004434E-5
CSARVGNEQFF,TRBV20-1,TRBJ2-1,316.0,8.678381383004434E-5
CPARVGQGGGYTF,TRBV20-1,TRBJ1-2,314.0,8.623454918555039E-5
CASRDRGSGNTIYF,TRBV6-5,TRBJ1-3,312.0,8.568528454105644E-5
CASSQDSGAGSDEQFF,TRBV3-1,TRBJ2-1,310.0,8.513601989656249E-5
CATSGAEGRDTQYF,TRBV15,TRBJ2-3,310.0,8.513601989656249E-5
CASSFNWDPNTGELFF,TRBV7-2,TRBJ2-2,309.0,8.486138757431551E-5
CASSLGGKETQYF,TRBV12-3,TRBJ2-5,309.0,8.486138757431551E-5
CSARTSGSITYEQYF,TRBV20-1,TRBJ2-7,308.0,8.458675525206853E-5
CASSSDRDVEDTQYF,TRBV5-1,TRBJ2-3,307.0,8.431212292982156E-5
CATRSWDYTEAFF,TRBV9,TRBJ1-1,306.0,8.403749060757458E-5
CASSSYDRVTRWEQYF,TRBV11-2,TRBJ2-7,304.0,8.348822596308063E-5
CSVLDRNTEAFF,TRBV29-1,TRBJ1-1,304.0,8.348822596308063E-5
CSASGGTEKYF,TRBV20-1,TRBJ2-7,303.0,8.321359364083365E-5
CSATDRKETQYF,TRBV20-1,TRBJ2-5,302.0,8.293896131858668E-5
CSVDSGNEQYF,TRBV29-1,TRBJ2-7,300.0,8.238969667409272E-5
CSVPIRGNTGELFF,TRBV29-1,TRBJ2-2,299.0,8.211506435184575E-5
CATSDPAAGTNYGYTF,TRBV24-1,TRBJ1-2,296.0,8.129116738510482E-5
CASSSTSVGDEQFF,TRBV7-6,TRBJ2-1,296.0,8.129116738510482E-5
CSNRDGQNEQFF,TRBV20-1,TRBJ2-1,296.0,8.129116738510482E-5
CASSLTSQGYEQYF,TRBV5-1,TRBJ2-7,295.0,8.101653506285784E-5
CASSPTGAWQPQHF,TRBV12-3,TRBJ1-5,292.0,8.019263809611691E-5
CSATGTGGNNEQFF,TRBV20-1,TRBJ2-1,291.0,7.991800577386994E-5
CASSQEGTSAENEQFF,TRBV12-3,TRBJ2-1,290.0,7.964337345162296E-5
CASSLGGGAYGYTF,TRBV12-4,TRBJ1-2,290.0,7.964337345162296E-5
CASSPQRGGVPEAFF,TRBV6-6,TRBJ1-1,288.0,7.909410880712901E-5
CSARRGDLQETQYF,TRBV20-1,TRBJ2-5,288.0,7.909410880712901E-5
CASISNGPETDTQYF,TRBV12-3,TRBJ2-3,287.0,7.881947648488205E-5
CASSEATGGANVLTF,TRBV6-4,TRBJ2-6,287.0,7.881947648488205E-5
CASSLAGGGGYTF,TRBV5-1,TRBJ1-2,287.0,7.881947648488205E-5
CATSRDLGKLFF,TRBV15,TRBJ1-4,287.0,7.881947648488205E-5
CSARTVQNEQFF,TRBV20-1,TRBJ2-1,286.0,7.854484416263507E-5
CASRQGSDTGELFF,TRBV6-4,TRBJ2-2,285.0,7.82702118403881E-5
CASSLDTAVATEAFF,TRBV5-1,TRBJ1-1,284.0,7.799557951814112E-5
CASSGDRGFEKLFF,TRBV7-8,TRBJ1-4,283.0,7.772094719589414E-5
CASSLEGLDLDTQYF,TRBV5-1,TRBJ2-3,282.0,7.744631487364717E-5
CSVEVREGDTGELFF,TRBV29-1,TRBJ2-2,281.0,7.717168255140019E-5
CSVEESGHLWQETQYF,TRBV29-1,TRBJ2-5,278.0,7.634778558465926E-5
CSARDPGLRTDTQYF,TRBV20-1,TRBJ2-3,278.0,7.634778558465926E-5
CSARTGDGEKLFF,TRBV29-1,TRBJ1-4,278.0,7.634778558465926E-5
CASSLRQGSGTGELFF,TRBV3-1,TRBJ2-2,277.0,7.607315326241228E-5
CASSDPRSGGLTDTQYF,TRBV25-1,TRBJ2-3,275.0,7.552388861791833E-5
CASTHGVETSTDTQYF,TRBV6-6,TRBJ2-3,275.0,7.552388861791833E-5
CATSDADLGSTYNEQFF,TRBV24-1,TRBJ2-1,274.0,7.524925629567136E-5
CASSYGNSDRYDEQFF,TRBV12-3,TRBJ2-1,274.0,7.524925629567136E-5
CATSSFVQGIDTEAFF,TRBV15,TRBJ1-1,273.0,7.497462397342438E-5
CSAREGRDINEQYF,TRBV20-1,TRBJ2-7,273.0,7.497462397342438E-5
CASSLDSTGELFF,TRBV5-6,TRBJ2-2,273.0,7.497462397342438E-5
CASSKDTQETQYF,TRBV12-3,TRBJ2-5,272.0,7.46999916511774E-5
CSAPPVGGPTREQFF,TRBV20-1,TRBJ2-1,271.0,7.442535932893043E-5
CSASALMGLAGDRNYNEQFF,TRBV20-1,TRBJ2-1,270.0,7.415072700668345E-5
CSAKTGYEQYF,TRBV20-1,TRBJ2-7,270.0,7.415072700668345E-5
CASSSSGRSPDTQYF,TRBV5-1,TRBJ2-3,268.0,7.36014623621895E-5
CASSKTGGLGTEAFF,TRBV12-3,TRBJ1-1,266.0,7.305219771769555E-5
CASSKLAGAGNEQFF,TRBV27,TRBJ2-1,266.0,7.305219771769555E-5
CASSWGRTGLSSYEQYF,TRBV11-2,TRBJ2-7,264.0,7.25029330732016E-5
CSVEIMSGPQYF,TRBV29-1,TRBJ2-4,258.0,7.085513913971974E-5
CASSLAAMGSRSGNTIYF,TRBV7-2,TRBJ1-3,257.0,7.058050681747277E-5
CSARVIAGVPGNEQFF,TRBV20-1,TRBJ2-1,256.0,7.03058744952258E-5
CASSLFRSNTDTQYF,TRBV5-5,TRBJ2-3,255.0,7.003124217297882E-5
CASSWLAGVSDTQYF,TRBV7-2,TRBJ2-3,254.0,6.975660985073185E-5
CASRGQGGYNEQFF,TRBV2,TRBJ2-1,254.0,6.975660985073185E-5
CSPDTSGGSNEQFF,TRBV20-1,TRBJ2-1,254.0,6.975660985073185E-5
CASTPSGRRYNEQFF,TRBV25-1,TRBJ2-1,252.0,6.920734520623789E-5
CSATSGTTEQFF,TRBV20-1,TRBJ2-1,252.0,6.920734520623789E-5
CASSPRTGYMFPEAFF,TRBV7-8,TRBJ1-1,251.0,6.893271288399092E-5
CSVEGRGTDTQYF,TRBV29-1,TRBJ2-3,251.0,6.893271288399092E-5
CASTPGGANTGELFF,TRBV27,TRBJ2-2,250.0,6.865808056174394E-5
CASSAEGATNEKLFF,TRBV5-5,TRBJ1-4,250.0,6.865808056174394E-5
CASRRGPQNNEQFF,TRBV5-6,TRBJ2-1,250.0,6.865808056174394E-5
CASSAGGGPAYEQYF,TRBV9,TRBJ2-7,249.0,6.838344823949696E-5
CSARGQVYGYTF,TRBV20-1,TRBJ1-2,247.0,6.783418359500301E-5
CASSLFPSLGELFF,TRBV7-2,TRBJ2-2,246.0,6.755955127275604E-5
CSATRIESGELFF,TRBV20-1,TRBJ2-2,246.0,6.755955127275604E-5
CSARVREGTSNEQFF,TRBV20-1,TRBJ2-1,245.0,6.728491895050906E-5
CASSGPGLGFSYNEQFF,TRBV7-2,TRBJ2-1,244.0,6.701028662826208E-5
CSASKLAGEDTQYF,TRBV20-1,TRBJ2-3,244.0,6.701028662826208E-5
CASSSSHTGYTF,TRBV12-4,TRBJ1-2,242.0,6.646102198376813E-5
CASSFQNEQFF,TRBV5-6,TRBJ2-1,242.0,6.646102198376813E-5
CAISDSDTSRETQYF,TRBV10-3,TRBJ2-5,241.0,6.618638966152115E-5
CASSPTQGAAYGYTF,TRBV18,TRBJ1-2,240.0,6.591175733927418E-5
CASSLDRRVNTEAFF,TRBV12-3,TRBJ1-1,240.0,6.591175733927418E-5
CASSLFGGEGETQYF,TRBV5-5,TRBJ2-5,240.0,6.591175733927418E-5
CASSLTWDSPLHF,TRBV5-5,TRBJ1-6,240.0,6.591175733927418E-5
CASYGANYGYTF,TRBV6-5,TRBJ1-2,239.0,6.56371250170272E-5
CASSDVGTDSPDTQYF,TRBV6-4,TRBJ2-3,237.0,6.508786037253325E-5
CASSLVTVTNTGELFF,TRBV5-1,TRBJ2-2,237.0,6.508786037253325E-5
CASRQRLGYTF,TRBV7-2,TRBJ1-2,237.0,6.508786037253325E-5
CATSDGAAGATNEQFF,TRBV24-1,TRBJ2-1,236.0,6.481322805028627E-5
CASSRSSGTTDTQYF,TRBV5-1,TRBJ2-3,236.0,6.481322805028627E-5
CASSGDGMNTEAFF,TRBV10-2,TRBJ1-1,235.0,6.45385957280393E-5
CATGTGGIEQFF,TRBV5-1,TRBJ2-1,235.0,6.45385957280393E-5
CSARRTEREQYF,TRBV20-1,TRBJ2-7,235.0,6.45385957280393E-5
CSARGTSGRLAYNEQFF,TRBV20-1,TRBJ2-1,234.0,6.426396340579232E-5
CASSPQRTTNYGYTF,TRBV12-4,TRBJ1-2,234.0,6.426396340579232E-5
CSALTGRARGEQYF,TRBV20-1,TRBJ2-7,234.0,6.426396340579232E-5
CASSLVGVWVGPPLGFF,TRBV5-6,TRBJ1-1,233.0,6.398933108354535E-5
CASSLGYQAGGPDNEQFF,TRBV7-6,TRBJ2-1,232.0,6.371469876129837E-5
CSAAARTRYQPQHF,TRBV20-1,TRBJ1-5,232.0,6.371469876129837E-5
CASRLGGQGVGDTQYF,TRBV28,TRBJ2-3,231.0,6.344006643905139E-5
CASSWTRGPLHF,TRBV12-4,TRBJ1-6,231.0,6.344006643905139E-5
CATSETGHVETQYF,TRBV24-1,TRBJ2-5,230.0,6.316543411680442E-5
CSARDSGGMETQYF,TRBV20-1,TRBJ2-5,230.0,6.316543411680442E-5
CASSPGQGAHYGYTF,TRBV5-1,TRBJ1-2,229.0,6.289080179455744E-5
CALSYSGGLNEQFF,TRBV2,TRBJ2-1,229.0,6.289080179455744E-5
CASSRQDYSNQPQHF,TRBV12-4,TRBJ1-5,228.0,6.261616947231046E-5
CASSLQPSGTNEQFF,TRBV7-7,TRBJ2-1,227.0,6.23415371500635E-5
CASSGTSGSYEQYF,TRBV18,TRBJ2-7,227.0,6.23415371500635E-5
CASTSGGTNEKLFF,TRBV5-1,TRBJ1-4,227.0,6.23415371500635E-5
CASSEQGNNSPLHF,TRBV12-3,TRBJ1-6,226.0,6.206690482781653E-5
CATQRVSGETQYF,TRBV28,TRBJ2-5,226.0,6.206690482781653E-5
CASRLTTGTGNEQFF,TRBV6-6,TRBJ2-1,225.0,6.179227250556955E-5
CASGPKSSNQPQHF,TRBV27,TRBJ1-5,224.0,6.151764018332257E-5
CAISAGFTLYNEQFF,TRBV10-3,TRBJ2-1,223.0,6.12430078610756E-5
CASSLSPEGDEQFF,TRBV3-1,TRBJ2-1,223.0,6.12430078610756E-5
CASSFPNTEAFF,TRBV7-9,TRBJ1-1,223.0,6.12430078610756E-5
CSARKPGQGHNEQFF,TRBV20-1,TRBJ2-1,222.0,6.0968375538828614E-5
CSARGSEGVYEQYF,TRBV20-1,TRBJ2-7,222.0,6.0968375538828614E-5
CSARGGGTTRFGSPLHF,TRBV20-1,TRBJ1-6,221.0,6.069374321658164E-5
CAITDSGRANPTDTQYF,TRBV10-3,TRBJ2-3,220.0,6.041911089433466E-5
CASSYLGQGANYGYTF,TRBV6-5,TRBJ1-2,220.0,6.041911089433466E-5
CASSPPGPQTREKLFF,TRBV12-3,TRBJ1-4,220.0,6.041911089433466E-5
CASSAGTSGAYEQYV,TRBV6-1,TRBJ2-7,220.0,6.041911089433466E-5
CSAGLVDTQYF,TRBV20-1,TRBJ2-3,220.0,6.041911089433466E-5
CASSYSSGFKDTGELFF,TRBV12-3,TRBJ2-2,219.0,6.014447857208769E-5
CASSPGGTHYGYTF,TRBV18,TRBJ1-2,219.0,6.014447857208769E-5
CASSYYNLTGQNYGYTF,TRBV12-3,TRBJ1-2,217.0,5.959521392759374E-5
CASSKMPGAGADTQYF,TRBV6-5,TRBJ2-3,217.0,5.959521392759374E-5
CSANIQETQYF,TRBV20-1,TRBJ2-5,217.0,5.959521392759374E-5
CAIRNAVTDSEQYF,TRBV10-3,TRBJ2-7,216.0,5.9320581605346764E-5
CASSRQGATGGAGELFF,TRBV7-8,TRBJ2-2,215.0,5.904594928309979E-5
CASSVTSGSDEQFF,TRBV9,TRBJ2-1,215.0,5.904594928309979E-5
CASSLYGGYEQYV,TRBV5-6,TRBJ2-7,215.0,5.904594928309979E-5
CASSLTLGETQYF,TRBV7-2,TRBJ2-5,215.0,5.904594928309979E-5
CASSALQGPEYGYTF,TRBV7-2,TRBJ1-2,214.0,5.877131696085281E-5
CSVDLSLAGAQYF,TRBV29-1,TRBJ2-5,214.0,5.877131696085281E-5
CSARSGETEAFF,TRBV20-1,TRBJ1-1,213.0,5.8496684638605835E-5
CASEPMINYGYTF,TRBV2,TRBJ1-2,212.0,5.822205231635886E-5
CSAKTSGAHANPTDTQYF,TRBV20-1,TRBJ2-3,211.0,5.794741999411188E-5
CASSLGGAAYNEQFF,TRBV5-1,TRBJ2-1,211.0,5.794741999411188E-5
CASSRTAIGDYGYTF,TRBV6-2,TRBJ1-2,210.0,5.7672787671864906E-5
CASSLSGNTEAFF,TRBV7-9,TRBJ1-1,210.0,5.7672787671864906E-5
CSVKDRDHSPLHF,TRBV20-1,TRBJ1-6,210.0,5.7672787671864906E-5
CSAWMGTYNEQFF,TRBV20-1,TRBJ2-1,210.0,5.7672787671864906E-5
CSARDGGFIGPPNYGYTF,TRBV20-1,TRBJ1-2,209.0,5.739815534961793E-5
CAISGGQGELSYEQYF,TRBV10-3,TRBJ2-7,209.0,5.739815534961793E-5
CASSSGTSDEQYF,TRBV5-1,TRBJ2-7,209.0,5.739815534961793E-5
CASSRGNYNSPLHF,TRBV6-5,TRBJ1-6,208.0,5.7123523027370954E-5
CSVGLGTSTDTQYF,TRBV29-1,TRBJ2-3,208.0,5.7123523027370954E-5
CASSRRRTGPSRNTEAFF,TRBV6-1,TRBJ1-1,207.0,5.684889070512398E-5
CASSKQGALETQYF,TRBV12-4,TRBJ2-5,206.0,5.6574258382877E-5
CASSDRDTGELFF,TRBV6-4,TRBJ2-2,206.0,5.6574258382877E-5
CASSQVVETQYF,TRBV3-1,TRBJ2-5,204.0,5.6024993738383056E-5
CSARDLEQGDTGELFF,TRBV20-1,TRBJ2-2,202.0,5.5475729093889104E-5
CASSHNSGGAYEQYF,TRBV27,TRBJ2-7,202.0,5.5475729093889104E-5
CSVGGSFYGYTF,TRBV29-1,TRBJ1-2,202.0,5.5475729093889104E-5
CASSDYREIYSPLHF,TRBV5-1,TRBJ1-6,201.0,5.520109677164213E-5
CSAPGSGNYGYTF,TRBV20-1,TRBJ1-2,201.0,5.520109677164213E-5
CASSLGQGSDNEQFF,TRBV12-3,TRBJ2-1,200.0,5.492646444939515E-5
CASSDGGHSKETQYF,TRBV28,TRBJ2-5,200.0,5.492646444939515E-5
CASRPDRLNTEAFF,TRBV6-5,TRBJ1-1,200.0,5.492646444939515E-5
CTGVSYNEQFF,TRBV29-1,TRBJ2-1,200.0,5.492646444939515E-5
CATSDSGTGYYEQYF,TRBV24-1,TRBJ2-7,199.0,5.4651832127148175E-5
CASSFTRLGTGELFF,TRBV7-9,TRBJ2-2,198.0,5.43771998049012E-5
CASSPRTADTQYF,TRBV7-9,TRBJ2-3,198.0,5.43771998049012E-5
CATSDPGQGELNEQFF,TRBV24-1,TRBJ2-1,197.0,5.410256748265422E-5
CSARDQSGRYDNEQFF,TRBV20-1,TRBJ2-1,197.0,5.410256748265422E-5
CSAPSLAGGPYNEQFF,TRBV20-1,TRBJ2-1,197.0,5.410256748265422E-5
CASSFVGGTYNEQFF,TRBV12-4,TRBJ2-1,197.0,5.410256748265422E-5
CASSFRDTPYEQYF,TRBV12-4,TRBJ2-7,197.0,5.410256748265422E-5
CASSLDRSGSVYNEQFF,TRBV11-2,TRBJ2-1,196.0,5.3827935160407246E-5
CSAQDAGVSYNEQFF,TRBV29-1,TRBJ2-1,196.0,5.3827935160407246E-5
CASSFQRRGALHF,TRBV28,TRBJ1-6,196.0,5.3827935160407246E-5
CASSPAGQNTQYF,TRBV5-6,TRBJ2-3,196.0,5.3827935160407246E-5
CASSSHTGSGNIQYF,TRBV5-1,TRBJ2-4,195.0,5.355330283816027E-5
CASTLKGGGTEAFF,TRBV12-3,TRBJ1-1,195.0,5.355330283816027E-5
CASSLTSNEQFF,TRBV13,TRBJ2-1,195.0,5.355330283816027E-5
CSARDPTSWYEQYV,TRBV20-1,TRBJ2-7,194.0,5.3278670515913294E-5
CASSLGSVDTQYF,TRBV12-4,TRBJ2-3,194.0,5.3278670515913294E-5
CASSQSPIAGASPDTQYF,TRBV12-4,TRBJ2-3,193.0,5.300403819366632E-5
CASSLGGGAYEQYF,TRBV12-4,TRBJ2-7,193.0,5.300403819366632E-5
CASSQGGAAYEQYF,TRBV4-2,TRBJ2-7,193.0,5.300403819366632E-5
CSARSGQGGYTF,TRBV20-1,TRBJ1-2,193.0,5.300403819366632E-5
CASSLQSSLTLASTDTQYF,TRBV12-3,TRBJ2-3,192.0,5.272940587141934E-5
CASSLDGKATDTQYF,TRBV5-1,TRBJ2-3,192.0,5.272940587141934E-5
CASSPPLKTGATNEKLFF,TRBV7-2,TRBJ1-4,191.0,5.2454773549172365E-5
CASSEAGVSYNSPLHF,TRBV11-2,TRBJ1-6,191.0,5.2454773549172365E-5
CASSFRGNEKLFF,TRBV12-3,TRBJ1-4,191.0,5.2454773549172365E-5
CASSRGGNQPQHF,TRBV12-4,TRBJ1-5,191.0,5.2454773549172365E-5
CSAYTSGRGTGELFF,TRBV29-1,TRBJ2-2,190.0,5.218014122692539E-5
CASSLPGAYNEQFF,TRBV13,TRBJ2-1,190.0,5.218014122692539E-5
CASSLGTNTEAFF,TRBV27,TRBJ1-1,190.0,5.218014122692539E-5
CSVTLWGASDTQYF,TRBV29-1,TRBJ2-3,189.0,5.190550890467842E-5
CASSSTKEISGRGWNEQFF,TRBV7-9,TRBJ2-1,188.0,5.1630876582431444E-5
CASSRLGRNEQFF,TRBV3-1,TRBJ2-1,188.0,5.1630876582431444E-5
CSVILVGVEQFF,TRBV29-1,TRBJ2-1,188.0,5.1630876582431444E-5
CSASPYNEQFF,TRBV20-1,TRBJ2-1,188.0,5.1630876582431444E-5
CSARTGLVGGYRFDEQFF,TRBV20-1,TRBJ2-1,186.0,5.108161193793749E-5
CASSPPGGNEQFF,TRBV5-5,TRBJ2-1,186.0,5.108161193793749E-5
CASSEDPRLQRDEQFF,TRBV6-1,TRBJ2-1,185.0,5.0806979615690515E-5
CASSLDPQGTDTQYF,TRBV6-4,TRBJ2-3,185.0,5.0806979615690515E-5
CSARDLDSYFF,TRBV20-1,TRBJ2-1,185.0,5.0806979615690515E-5
CSAKTTVGANVLTF,TRBV20-1,TRBJ2-6,184.0,5.053234729344354E-5
CSVRDGPNTGELFF,TRBV29-1,TRBJ2-2,184.0,5.053234729344354E-5
CASSSDRAHYGYTF,TRBV5-1,TRBJ1-2,183.0,5.025771497119656E-5
CASSGGLSSYEQYF,TRBV5-1,TRBJ2-7,183.0,5.025771497119656E-5
CASRPNDRDEQFF,TRBV2,TRBJ2-1,183.0,5.025771497119656E-5
CASSLGPNTEAFF,TRBV12-3,TRBJ1-1,182.0,4.9983082648949586E-5
CASSLVRGGTQYF,TRBV5-1,TRBJ2-3,182.0,4.9983082648949586E-5
CASSYHRNGQDEQYF,TRBV6-2,TRBJ2-7,181.0,4.970845032670261E-5
CASSDGGSGNSPLHF,TRBV6-4,TRBJ1-6,181.0,4.970845032670261E-5
CASSLEGHSNQPQHF,TRBV11-2,TRBJ1-5,181.0,4.970845032670261E-5
CSVGTGGTNEKLFF,TRBV29-1,TRBJ1-4,181.0,4.970845032670261E-5
CASSLGSNQPQHF,TRBV3-1,TRBJ1-5,181.0,4.970845032670261E-5
CASSQFLAGVTNEQFF,TRBV27,TRBJ2-1,180.0,4.9433818004455634E-5
CASSIQGQPQHF,TRBV12-4,TRBJ1-5,180.0,4.9433818004455634E-5
CASSLTFGVGNTIYF,TRBV11-3,TRBJ1-3,179.0,4.915918568220866E-5
CAGGADYSNQPQHF,TRBV28,TRBJ1-5,179.0,4.915918568220866E-5
CSARESGEAQPQHF,TRBV20-1,TRBJ1-5,179.0,4.915918568220866E-5
CASSQVSSYEQYV,TRBV4-2,TRBJ2-7,179.0,4.915918568220866E-5
CASSLSGNRARSYEQYF,TRBV5-5,TRBJ2-7,178.0,4.888455335996168E-5
CASSPWLGAGELFF,TRBV4-2,TRBJ2-2,178.0,4.888455335996168E-5
CASTPQGAGNEQFF,TRBV5-1,TRBJ2-1,178.0,4.888455335996168E-5
CASSGTGVPFF,TRBV12-4,TRBJ2-1,178.0,4.888455335996168E-5
CATSRDLAGVRDEQFF,TRBV15,TRBJ2-1,177.0,4.8609921037714705E-5
CASSPQFSRHYEQYF,TRBV7-2,TRBJ2-7,177.0,4.8609921037714705E-5
CASSLARGLRNLGEQFF,TRBV7-2,TRBJ2-1,176.0,4.833528871546773E-5
CSARRGGGVPYNEQFF,TRBV20-1,TRBJ2-1,176.0,4.833528871546773E-5
CASSYPWGRYTGELFF,TRBV6-2,TRBJ2-2,175.0,4.806065639322075E-5
CSADGIIESGGGPYEQFF,TRBV29-1,TRBJ2-1,174.0,4.7786024070973784E-5
CASSTPEGSGRRNEQFF,TRBV19,TRBJ2-1,174.0,4.7786024070973784E-5
CAIGLTSGRVYNEQFF,TRBV10-3,TRBJ2-1,174.0,4.7786024070973784E-5
CASSLATGAAYEQYF,TRBV5-1,TRBJ2-7,174.0,4.7786024070973784E-5
CASSLLAGRELFF,TRBV5-1,TRBJ2-2,174.0,4.7786024070973784E-5
CSARGTNQFF,TRBV20-1,TRBJ2-1,174.0,4.7786024070973784E-5
CASSPGKNPYNEQFF,TRBV7-7,TRBJ2-1,173.0,4.751139174872681E-5
CASSLFGGDQPQHF,TRBV5-1,TRBJ1-5,173.0,4.751139174872681E-5
CSARVRGLAGVVNEQFF,TRBV20-1,TRBJ2-1,172.0,4.723675942647983E-5
CASSQEQGDTEAFF,TRBV4-2,TRBJ1-1,172.0,4.723675942647983E-5
CSVDYARGQETQYF,TRBV29-1,TRBJ2-5,172.0,4.723675942647983E-5
CASSQDRRLDREVYGYTF,TRBV3-1,TRBJ1-2,171.0,4.6962127104232855E-5
CSAISIRAANTEAFF,TRBV20-1,TRBJ1-1,171.0,4.6962127104232855E-5
CASSDSLGTEAFF,TRBV9,TRBJ1-1,171.0,4.6962127104232855E-5
CASTSQGSAEAFF,TRBV12-3,TRBJ1-1,171.0,4.6962127104232855E-5
CASSVEQGARTEAFF,TRBV5-1,TRBJ1-1,170.0,4.668749478198588E-5
CASRRTRDYTGELFF,TRBV5-1,TRBJ2-2,170.0,4.668749478198588E-5
CASSGQGSQETQYF,TRBV12-3,TRBJ2-5,170.0,4.668749478198588E-5
CASSTSSEADTQYF,TRBV6-2,TRBJ2-3,170.0,4.668749478198588E-5
CASRPAGTGELFF,TRBV12-3,TRBJ2-2,170.0,4.668749478198588E-5
CASSTPTGYGYTF,TRBV6-5,TRBJ1-2,170.0,4.668749478198588E-5
CASSLNGQLDYGYTF,TRBV12-3,TRBJ1-2,169.0,4.64128624597389E-5
CASSLEGGGTDTQYF,TRBV5-6,TRBJ2-3,169.0,4.64128624597389E-5
CASSLNRAENTIYF,TRBV4-2,TRBJ1-3,169.0,4.64128624597389E-5
CASSPRGRTLAKNIQYF,TRBV28,TRBJ2-4,168.0,4.6138230137491926E-5
CASSLAGVPGTEAFF,TRBV12-4,TRBJ1-1,168.0,4.6138230137491926E-5
CASSQNRWNEQFF,TRBV12-3,TRBJ2-1,168.0,4.6138230137491926E-5
CSASLPSGINSITDTQYF,TRBV20-1,TRBJ2-3,167.0,4.586359781524495E-5
CASSLGQSLQETQYF,TRBV5-6,TRBJ2-5,167.0,4.586359781524495E-5
CASSQAEGESYEQYF,TRBV4-2,TRBJ2-7,167.0,4.586359781524495E-5
CSARGGTVNSPLHF,TRBV20-1,TRBJ1-6,167.0,4.586359781524495E-5
CASSLLWDQPQHF,TRBV5-5,TRBJ1-5,167.0,4.586359781524495E-5
CSVETGANYGYTF,TRBV29-1,TRBJ1-2,167.0,4.586359781524495E-5
CSVTGTDYGYTF,TRBV29-1,TRBJ1-2,167.0,4.586359781524495E-5
CASSFLSSGSYEQYF,TRBV12-3,TRBJ2-7,166.0,4.5588965492997974E-5
CASSAR_SSAFF,TRBV7-7,TRBJ1-1,166.0,4.5588965492997974E-5
CASSLPRLVLPYEQYF,TRBV28,TRBJ2-7,165.0,4.5314333170751E-5
CASNMDVGFTGELFF,TRBV5-5,TRBJ2-2,165.0,4.5314333170751E-5
CSAKVAELTDTQYF,TRBV20-1,TRBJ2-3,165.0,4.5314333170751E-5
CASSLGLVGAGGNQPQHF,TRBV12-3,TRBJ1-5,164.0,4.503970084850402E-5
CASSFTSGSHETQYF,TRBV7-6,TRBJ2-5,164.0,4.503970084850402E-5
CSARVLGDVNTEAFF,TRBV20-1,TRBJ1-1,164.0,4.503970084850402E-5
CSAKQGLANTGELFF,TRBV20-1,TRBJ2-2,164.0,4.503970084850402E-5
CASSFLEEADTQYF,TRBV12-4,TRBJ2-3,164.0,4.503970084850402E-5
CSADRGEGYGYTF,TRBV20-1,TRBJ1-2,164.0,4.503970084850402E-5
CSASGRADEQYF,TRBV29-1,TRBJ2-7,164.0,4.503970084850402E-5
CASSLGDSEGNQPQHF,TRBV5-1,TRBJ1-5,163.0,4.4765068526257045E-5
CASSKRQSDNEQFF,TRBV7-2,TRBJ2-1,163.0,4.4765068526257045E-5
CAIATGDGSPLHF,TRBV10-3,TRBJ1-6,163.0,4.4765068526257045E-5
CASSLNPNTEAFF,TRBV27,TRBJ1-1,163.0,4.4765068526257045E-5
CASSQTMGLEQYF,TRBV3-1,TRBJ2-7,163.0,4.4765068526257045E-5
CSARVGETQYF,TRBV20-1,TRBJ2-5,163.0,4.4765068526257045E-5
CASSLHEGTQGVDSPLHF,TRBV4-1,TRBJ1-6,162.0,4.449043620401007E-5
CASSEREGKTDTQYF,TRBV25-1,TRBJ2-3,161.0,4.421580388176309E-5
CATSGAEPYNEQFF,TRBV15,TRBJ2-1,161.0,4.421580388176309E-5
CASSSGPNTEAFF,TRBV7-6,TRBJ1-1,161.0,4.421580388176309E-5
CSPKRGSLGTQYF,TRBV20-1,TRBJ2-5,161.0,4.421580388176309E-5
CASSLRDRSSDTQYF,TRBV5-1,TRBJ2-3,160.0,4.394117155951612E-5
CATSNRVNEQFF,TRBV24-1,TRBJ2-1,160.0,4.394117155951612E-5
CASRPQG_SYEQYF,TRBV5-1,TRBJ2-7,159.0,4.366653923726915E-5
CASSPWPADTQYF,TRBV5-6,TRBJ2-3,159.0,4.366653923726915E-5
CSAHRQSETQYF,TRBV20-1,TRBJ2-5,159.0,4.366653923726915E-5
CSADSSNQPQHF,TRBV20-1,TRBJ1-5,159.0,4.366653923726915E-5
CSVEDGAPIF,TRBV29-1,TRBJ1-2,159.0,4.366653923726915E-5
CASSPAGLSSGNTIYF,TRBV18,TRBJ1-3,158.0,4.339190691502217E-5
CASSFGQVLSNTEAFF,TRBV12-4,TRBJ1-1,158.0,4.339190691502217E-5
CATSTGLTYNEQFF,TRBV24-1,TRBJ2-1,158.0,4.339190691502217E-5
CASSFPRMDNEQFF,TRBV5-1,TRBJ2-1,158.0,4.339190691502217E-5
CASSSDGQGGQYF,TRBV7-2,TRBJ2-3,158.0,4.339190691502217E-5
CASSHLAGGPWNEQFF,TRBV3-1,TRBJ2-1,157.0,4.3117274592775195E-5
CASSQRDRSNQPQHF,TRBV4-1,TRBJ1-5,157.0,4.3117274592775195E-5
RASSLRT_IYEQYV,TRBV7-3,TRBJ2-7,157.0,4.3117274592775195E-5
CSARLANNEQYF,TRBV20-1,TRBJ2-7,157.0,4.3117274592775195E-5
CASSPSYEQYF,TRBV18,TRBJ2-7,157.0,4.3117274592775195E-5
CASSLEGGGGDGYTF,TRBV12-3,TRBJ1-2,156.0,4.284264227052822E-5
CSARDLAGGPGEQFF,TRBV20-1,TRBJ2-1,156.0,4.284264227052822E-5
CSARDTSLGEQFF,TRBV20-1,TRBJ2-1,156.0,4.284264227052822E-5
CASSPGQLSARAYNEQFF,TRBV5-6,TRBJ2-1,155.0,4.256800994828124E-5
CSASLGGLSGNTIYF,TRBV20-1,TRBJ1-3,155.0,4.256800994828124E-5
CSVGAGRETQYF,TRBV29-1,TRBJ2-5,155.0,4.256800994828124E-5
CASSFGPSYGTRDTGELFF,TRBV12-3,TRBJ2-2,154.0,4.2293377626034266E-5
CAISESRTKSSYNEQFF,TRBV10-3,TRBJ2-1,154.0,4.2293377626034266E-5
CSARDLASSYNEQFF,TRBV20-1,TRBJ2-1,154.0,4.2293377626034266E-5
CSASSGLAEQETQYF,TRBV20-1,TRBJ2-5,154.0,4.2293377626034266E-5
CASSYSGYEQYF,TRBV6-5,TRBJ2-7,154.0,4.2293377626034266E-5
CASRTRLAGESNEQFF,TRBV12-3,TRBJ2-1,153.0,4.201874530378729E-5
CSARDLSAGDADTQYF,TRBV20-1,TRBJ2-3,153.0,4.201874530378729E-5
CASSLLGVQETQYF,TRBV28,TRBJ2-5,153.0,4.201874530378729E-5
CASSSDRATYEQYF,TRBV7-2,TRBJ2-7,153.0,4.201874530378729E-5
CASSSDGSNQPQHF,TRBV5-1,TRBJ1-5,153.0,4.201874530378729E-5
CASSSGQGNTGELFF,TRBV5-1,TRBJ2-2,152.0,4.1744112981540314E-5
CASSLGTALNEQFF,TRBV5-1,TRBJ2-1,152.0,4.1744112981540314E-5
CSAPTSGGDNEQFF,TRBV20-1,TRBJ2-1,152.0,4.1744112981540314E-5
CASSSSPDRAEPQHF,TRBV27,TRBJ1-5,151.0,4.146948065929334E-5
CASSFANRNYPTQYF,TRBV7-9,TRBJ2-3,151.0,4.146948065929334E-5
CASSFRGGAGDTQYF,TRBV5-1,TRBJ2-3,151.0,4.146948065929334E-5
CSAGSGSGADTQYF,TRBV20-1,TRBJ2-3,151.0,4.146948065929334E-5
CSAGTSGEQYV,TRBV20-1,TRBJ2-7,151.0,4.146948065929334E-5
CASSLAGASYEQYF,TRBV12-3,TRBJ2-7,150.0,4.119484833704636E-5
CASSRTNSYNEQFF,TRBV5-1,TRBJ2-1,150.0,4.119484833704636E-5
CSVDGLAGLDTQYF,TRBV29-1,TRBJ2-3,150.0,4.119484833704636E-5
CSTNLAGAANEQFF,TRBV29-1,TRBJ2-1,150.0,4.119484833704636E-5
CASSQAGTASPYEQYF,TRBV4-1,TRBJ2-7,149.0,4.0920216014799385E-5
CASRLGVRGNQPQHF,TRBV5-1,TRBJ1-5,149.0,4.0920216014799385E-5
CASSLGKVAGTGGTEAFF,TRBV5-1,TRBJ1-1,148.0,4.064558369255241E-5
CASSLNGGRAQKFF,TRBV7-2,TRBJ2-1,148.0,4.064558369255241E-5
CASSEYWYNEQFF,TRBV6-4,TRBJ2-1,148.0,4.064558369255241E-5
CSSGSYNSPLHF,TRBV20-1,TRBJ1-6,148.0,4.064558369255241E-5
CASSEKIAEEYNEQFF,TRBV25-1,TRBJ2-1,147.0,4.037095137030543E-5
CASSFRSGGYNEQFF,TRBV12-4,TRBJ2-1,147.0,4.037095137030543E-5
CAISESSGSTTDTQYF,TRBV10-3,TRBJ2-3,146.0,4.009631904805846E-5
CASNPAGGKRNEQFF,TRBV28,TRBJ2-1,146.0,4.009631904805846E-5
CASSSLSNGPYEQYF,TRBV5-1,TRBJ2-7,146.0,4.009631904805846E-5
CASSPHVQGPYEQYF,TRBV5-1,TRBJ2-7,146.0,4.009631904805846E-5
CSASPGQGHTEAFF,TRBV20-1,TRBJ1-1,146.0,4.009631904805846E-5
CSAAGLAGGEPFF,TRBV20-1,TRBJ2-1,146.0,4.009631904805846E-5
CASSLVNTEAFF,TRBV5-1,TRBJ1-1,146.0,4.009631904805846E-5
CASSQDLVGTGYNEQFF,TRBV4-2,TRBJ2-1,145.0,3.982168672581148E-5
CASSDSFSGSTDTQYF,TRBV28,TRBJ2-3,145.0,3.982168672581148E-5
CASTSDVRSSYEQYF,TRBV12-4,TRBJ2-7,145.0,3.982168672581148E-5
CASSQTSGGANEQFF,TRBV4-2,TRBJ2-1,145.0,3.982168672581148E-5
CASSLGGTEAYGYTF,TRBV5-1,TRBJ1-2,145.0,3.982168672581148E-5
CSARDVLAGVNEQFF,TRBV20-1,TRBJ2-1,145.0,3.982168672581148E-5
CASTLLASNQPQHF,TRBV28,TRBJ1-5,145.0,3.982168672581148E-5
CASSYGAGANVLTF,TRBV6-1,TRBJ2-6,145.0,3.982168672581148E-5
CASSGDLGTDTQYF,TRBV12-3,TRBJ2-3,145.0,3.982168672581148E-5
CASSEGTSAYEQYF,TRBV2,TRBJ2-7,145.0,3.982168672581148E-5
CASSLNRVREQYF,TRBV28,TRBJ2-7,145.0,3.982168672581148E-5
CASSLDGTAYNEQFF,TRBV12-3,TRBJ2-1,144.0,3.9547054403564505E-5
CASSDLPTTGELFF,TRBV2,TRBJ2-2,144.0,3.9547054403564505E-5
CASSATPGTETQYF,TRBV7-6,TRBJ2-5,144.0,3.9547054403564505E-5
CASSLDKNQPQHF,TRBV7-2,TRBJ1-5,144.0,3.9547054403564505E-5
CASSRQSSYNSPLHF,TRBV7-8,TRBJ1-6,143.0,3.9272422081317535E-5
CASSSWGNTEAFF,TRBV9,TRBJ1-1,143.0,3.9272422081317535E-5
CASSRDRGYEQYF,TRBV5-1,TRBJ2-7,143.0,3.9272422081317535E-5
CASSFKGETQYF,TRBV5-5,TRBJ2-5,143.0,3.9272422081317535E-5
CASSPADEQFF,TRBV18,TRBJ2-1,143.0,3.9272422081317535E-5
CARQGSYEQYF,TRBV19,TRBJ2-7,143.0,3.9272422081317535E-5
CASSESGQGMGNEQFF,TRBV25-1,TRBJ2-1,142.0,3.899778975907056E-5
CASSYNAQGAYNEQFF,TRBV5-1,TRBJ2-1,142.0,3.899778975907056E-5
CASSLAGDVKNIQYF,TRBV12-4,TRBJ2-4,142.0,3.899778975907056E-5
CASSQEGTGRSPLHF,TRBV14,TRBJ1-6,142.0,3.899778975907056E-5
CASSSGLAGFEQYF,TRBV7-2,TRBJ2-7,142.0,3.899778975907056E-5
CASSLGLAFEQFF,TRBV6-5,TRBJ2-1,142.0,3.899778975907056E-5
CASSVVVGSEQFF,TRBV9,TRBJ2-1,142.0,3.899778975907056E-5
CASIRSGGSGNSPLHF,TRBV12-3,TRBJ1-6,141.0,3.872315743682358E-5
CASTSLPGTANTEAFF,TRBV6-5,TRBJ1-1,141.0,3.872315743682358E-5
CAIGGTSGITDTQYF,TRBV10-3,TRBJ2-3,141.0,3.872315743682358E-5
CASSLQGAGDTQYF,TRBV12-3,TRBJ2-3,141.0,3.872315743682358E-5
RASSLPQQFYGYTF,TRBV7-3,TRBJ1-2,141.0,3.872315743682358E-5
CASARAGNQPQHF,TRBV12-3,TRBJ1-5,141.0,3.872315743682358E-5
CSAPKGGYYSSYNEQFF,TRBV20-1,TRBJ2-1,140.0,3.8448525114576607E-5
CASSSFRTGKNIQYF,TRBV12-3,TRBJ2-4,140.0,3.8448525114576607E-5
CSASVSGSQPQHF,TRBV20-1,TRBJ1-5,140.0,3.8448525114576607E-5
CSARVPRGAETTGELFF,TRBV20-1,TRBJ2-2,139.0,3.817389279232963E-5
CASTEQANTGELFF,TRBV5-1,TRBJ2-2,139.0,3.817389279232963E-5
CSASWGLAYNEQFF,TRBV20-1,TRBJ2-1,139.0,3.817389279232963E-5
CSASSPLNEQFF,TRBV20-1,TRBJ2-1,139.0,3.817389279232963E-5
CSARVPPGKQFF,TRBV20-1,TRBJ2-1,139.0,3.817389279232963E-5
CASSHGRYTSLSGNTIYF,TRBV7-2,TRBJ1-3,138.0,3.7899260470082654E-5
CASSYSAHTANTEAFF,TRBV6-5,TRBJ1-1,138.0,3.7899260470082654E-5
CSASSPSGNSPLHF,TRBV20-1,TRBJ1-6,138.0,3.7899260470082654E-5
CSVERGQGLSQYF,TRBV29-1,TRBJ2-5,138.0,3.7899260470082654E-5
CASSPRDRLAFF,TRBV5-5,TRBJ1-1,138.0,3.7899260470082654E-5
CSALRGDTEQFF,TRBV20-1,TRBJ2-1,138.0,3.7899260470082654E-5
CSARRAQGGNEQFF,TRBV20-1,TRBJ2-1,137.0,3.762462814783568E-5
CSARSRGGTRLDTQYF,TRBV20-1,TRBJ2-3,136.0,3.73499958255887E-5
CASSDGTGGTDTQYF,TRBV6-4,TRBJ2-3,136.0,3.73499958255887E-5
CASSIRDSYNEQFF,TRBV12-4,TRBJ2-1,136.0,3.73499958255887E-5
CASSLTTAYEQYV,TRBV12-3,TRBJ2-7,136.0,3.73499958255887E-5
CASSEGGTGELFF,TRBV6-4,TRBJ2-2,136.0,3.73499958255887E-5
CASQGGRTGELFF,TRBV10-2,TRBJ2-2,136.0,3.73499958255887E-5
CASSLKISAGGGETQYF,TRBV7-2,TRBJ2-5,135.0,3.7075363503341726E-5
CASSAGLAGTYNEQFF,TRBV11-2,TRBJ2-1,135.0,3.7075363503341726E-5
CASREDSGRRRDTQYF,TRBV10-2,TRBJ2-3,135.0,3.7075363503341726E-5
CSARDQRGVGYQPQHF,TRBV20-1,TRBJ1-5,135.0,3.7075363503341726E-5
CSVLTSGRARDTQYF,TRBV29-1,TRBJ2-3,135.0,3.7075363503341726E-5
CASSSGLAGYEQYF,TRBV9,TRBJ2-7,135.0,3.7075363503341726E-5
CATSRESNNEQFF,TRBV15,TRBJ2-1,135.0,3.7075363503341726E-5
CSARGGSQPQHF,TRBV20-1,TRBJ1-5,135.0,3.7075363503341726E-5
CSVGAGYGYTF,TRBV29-1,TRBJ1-2,135.0,3.7075363503341726E-5
CASSQKRTSGPLHEQFF,TRBV10-1,TRBJ2-1,134.0,3.680073118109475E-5
CASSPEPFSYNEQFF,TRBV7-2,TRBJ2-1,134.0,3.680073118109475E-5
CASSQSPPHSNEQFF,TRBV6-6,TRBJ2-1,134.0,3.680073118109475E-5
CASRDSGGYQETQYF,TRBV7-9,TRBJ2-5,134.0,3.680073118109475E-5
CASSDGLGWADTQYF,TRBV5-1,TRBJ2-3,134.0,3.680073118109475E-5
CSALPGQGMTDTQYF,TRBV20-1,TRBJ2-3,134.0,3.680073118109475E-5
CASSLAGDLYEQYV,TRBV5-1,TRBJ2-7,134.0,3.680073118109475E-5
CASRAGWQAEAFF,TRBV12-3,TRBJ1-1,134.0,3.680073118109475E-5
CASSTGNDEQFF,TRBV5-1,TRBJ2-1,134.0,3.680073118109475E-5
CASSLGLAGGSGANVLTF,TRBV7-6,TRBJ2-6,133.0,3.652609885884777E-5
CSASSSGLISSYNSPLHF,TRBV20-1,TRBJ1-6,133.0,3.652609885884777E-5
CASSPPGSGGTGELFF,TRBV18,TRBJ2-2,133.0,3.652609885884777E-5
CSAPGLAGPSYEQYF,TRBV20-1,TRBJ2-7,133.0,3.652609885884777E-5
CSATGLAGADTQYF,TRBV29-1,TRBJ2-3,133.0,3.652609885884777E-5
CASNPAEINEQFF,TRBV12-3,TRBJ2-1,133.0,3.652609885884777E-5
CASSLYYEQYV,TRBV7-8,TRBJ2-7,133.0,3.652609885884777E-5
CASSLAEPTEPSYEQYF,TRBV5-1,TRBJ2-7,132.0,3.62514665366008E-5
CAISDLARGLNTEAFF,TRBV10-3,TRBJ1-1,132.0,3.62514665366008E-5
CASSESVHTDTQYF,TRBV25-1,TRBJ2-3,132.0,3.62514665366008E-5
CASSLATGGYEQYF,TRBV5-1,TRBJ2-7,132.0,3.62514665366008E-5
CASSQVRGNGEQFF,TRBV4-1,TRBJ2-1,132.0,3.62514665366008E-5
CSARVFGASYEQYF,TRBV20-1,TRBJ2-7,132.0,3.62514665366008E-5
CSAVGAAGVDTQYF,TRBV20-1,TRBJ2-3,132.0,3.62514665366008E-5
CASSVGSSYEQYF,TRBV27,TRBJ2-7,132.0,3.62514665366008E-5
CASSQEGRLAGAETQYF,TRBV4-2,TRBJ2-5,131.0,3.597683421435382E-5
CASSLVLAGGRNEQFF,TRBV11-2,TRBJ2-1,131.0,3.597683421435382E-5
CAITRDRTNTEAFF,TRBV10-3,TRBJ1-1,131.0,3.597683421435382E-5
CSARDFRRDYEQYF,TRBV20-1,TRBJ2-7,131.0,3.597683421435382E-5
CAISESWEDEQFF,TRBV10-3,TRBJ2-1,131.0,3.597683421435382E-5
CASSSGGSTYYNEQFF,TRBV6-5,TRBJ2-1,130.0,3.5702201892106845E-5
CASSQDVRGENQPQHF,TRBV3-1,TRBJ1-5,130.0,3.5702201892106845E-5
CASSLVAVLNTEAFF,TRBV5-6,TRBJ1-1,130.0,3.5702201892106845E-5
CAIQRITNYGYTF,TRBV2,TRBJ1-2,130.0,3.5702201892106845E-5
CSAPSATYNEQFF,TRBV20-1,TRBJ2-1,130.0,3.5702201892106845E-5
CASSPGLAGRHNEQFF,TRBV12-4,TRBJ2-1,129.0,3.542756956985987E-5
CASSFEGAPKETQYF,TRBV12-4,TRBJ2-5,129.0,3.542756956985987E-5
CASSYEGGSYNEQFF,TRBV6-6,TRBJ2-1,129.0,3.542756956985987E-5
CASSLAREPPYEQYF,TRBV5-1,TRBJ2-7,129.0,3.542756956985987E-5
CSARPTGSLYEQYF,TRBV20-1,TRBJ2-7,129.0,3.542756956985987E-5
CATSEQGDYGYTF,TRBV24-1,TRBJ1-2,129.0,3.542756956985987E-5
CAIGDSNQPQHF,TRBV10-3,TRBJ1-5,129.0,3.542756956985987E-5
CASSLGGGLPSNQPQHF,TRBV5-5,TRBJ1-5,128.0,3.51529372476129E-5
CSVEVASGDPNTGELFF,TRBV29-1,TRBJ2-2,128.0,3.51529372476129E-5
CASSQVPAGDYNEQFF,TRBV4-2,TRBJ2-1,128.0,3.51529372476129E-5
CASSLEPGVSTDTQYF,TRBV5-1,TRBJ2-3,128.0,3.51529372476129E-5
CASSLRVGANNEQFF,TRBV12-3,TRBJ2-1,128.0,3.51529372476129E-5
CSARETGDTGELFF,TRBV20-1,TRBJ2-2,128.0,3.51529372476129E-5
CATTGLVADTQYF,TRBV10-2,TRBJ2-3,128.0,3.51529372476129E-5
CASSLDLGTANGINEQFF,TRBV11-3,TRBJ2-1,127.0,3.487830492536592E-5
CASSPPAGSSYNEQFF,TRBV27,TRBJ2-1,127.0,3.487830492536592E-5
CASSEMAGWNTEAFF,TRBV10-1,TRBJ1-1,127.0,3.487830492536592E-5
CSARSGGARDEQFF,TRBV20-1,TRBJ2-1,127.0,3.487830492536592E-5
CSARDRGQFLGSYNEQFF,TRBV20-1,TRBJ2-1,126.0,3.4603672603118947E-5
CASSPGSHFESTDTQYF,TRBV12-3,TRBJ2-3,126.0,3.4603672603118947E-5
CSASGGIAYEQYV,TRBV20-1,TRBJ2-7,126.0,3.4603672603118947E-5
CSASGSRYEQFF,TRBV20-1,TRBJ2-1,126.0,3.4603672603118947E-5
CASNSDLAALLGEQFF,TRBV7-2,TRBJ2-1,125.0,3.432904028087197E-5
CASSSGGGMNTEAFF,TRBV12-4,TRBJ1-1,125.0,3.432904028087197E-5
CASSLDRATGELFF,TRBV7-3,TRBJ2-2,125.0,3.432904028087197E-5
CASSSETGILDYTF,TRBV12-3,TRBJ1-2,125.0,3.432904028087197E-5
CSARGQDNSYEQYV,TRBV20-1,TRBJ2-7,125.0,3.432904028087197E-5
CASSRTYADTQYF,TRBV6-4,TRBJ2-3,125.0,3.432904028087197E-5
CASSLDVGYGYTF,TRBV5-1,TRBJ1-2,125.0,3.432904028087197E-5
CASSLVADTQYF,TRBV7-2,TRBJ2-3,125.0,3.432904028087197E-5
CASSQVSDGYTF,TRBV4-1,TRBJ1-2,125.0,3.432904028087197E-5
CAISAPLAGGPDEQFF,TRBV10-3,TRBJ2-1,124.0,3.4054407958624994E-5
CASSSRVGTYGGYTF,TRBV12-4,TRBJ1-2,124.0,3.4054407958624994E-5
CASSYRTGRSDTQYF,TRBV6-5,TRBJ2-3,124.0,3.4054407958624994E-5
CASSLIGGRGNEQFF,TRBV7-3,TRBJ2-1,124.0,3.4054407958624994E-5
CASSQRTSENSEQYF,TRBV3-1,TRBJ2-7,124.0,3.4054407958624994E-5
CASSLIGGSNQPQHF,TRBV5-1,TRBJ1-5,124.0,3.4054407958624994E-5
CASSLVGVNTEAFF,TRBV12-4,TRBJ1-1,124.0,3.4054407958624994E-5
CSADGTKDTGELFF,TRBV20-1,TRBJ2-2,124.0,3.4054407958624994E-5
CSATTSGVRNEQFF,TRBV20-1,TRBJ2-1,124.0,3.4054407958624994E-5
CASSSQQGDGYTF,TRBV7-8,TRBJ1-2,124.0,3.4054407958624994E-5
CASNPRAGMGTDTQYF,TRBV12-4,TRBJ2-3,123.0,3.377977563637802E-5
CASSFPAGGVDTQYF,TRBV12-4,TRBJ2-3,123.0,3.377977563637802E-5
CASSPGTSSVNEQFF,TRBV12-4,TRBJ2-1,123.0,3.377977563637802E-5
CASGLASNSYEQYF,TRBV5-1,TRBJ2-7,123.0,3.377977563637802E-5
CASSLVSGDEQFF,TRBV12-4,TRBJ2-1,123.0,3.377977563637802E-5
CSASPYTRPGLAFYNEQFF,TRBV20-1,TRBJ2-1,122.0,3.350514331413104E-5
CASSRSTANSGNTIYF,TRBV6-5,TRBJ1-3,122.0,3.350514331413104E-5
CSARDLAGTGYNEQFF,TRBV20-1,TRBJ2-1,122.0,3.350514331413104E-5
CSANPWGVYLNTEAFF,TRBV20-1,TRBJ1-1,122.0,3.350514331413104E-5
CASRITGTGTNEQYF,TRBV5-1,TRBJ2-7,122.0,3.350514331413104E-5
CASNRGGITDTQYF,TRBV6-5,TRBJ2-3,122.0,3.350514331413104E-5
CATSGYTGGPSYEQFF,TRBV24-1,TRBJ2-1,121.0,3.3230510991884066E-5
CASSPTGQGGTGELFF,TRBV6-4,TRBJ2-2,121.0,3.3230510991884066E-5
CSAPEMELRSYNEQFF,TRBV20-1,TRBJ2-1,121.0,3.3230510991884066E-5
CASSYAGTRDTQYF,TRBV6-5,TRBJ2-3,121.0,3.3230510991884066E-5
CSAEMGAPDGYTF,TRBV20-1,TRBJ1-2,121.0,3.3230510991884066E-5
CSARHDEGNEQFF,TRBV20-1,TRBJ2-1,121.0,3.3230510991884066E-5
CSAAGTGSYEQYF,TRBV20-1,TRBJ2-7,121.0,3.3230510991884066E-5
CASSGGPGNQPQHF,TRBV5-1,TRBJ1-5,120.0,3.295587866963709E-5
CASEPGGNTGELFF,TRBV4-1,TRBJ2-2,120.0,3.295587866963709E-5
CASSNPGLDYEQYF,TRBV5-1,TRBJ2-7,120.0,3.295587866963709E-5
CSASRPSSTDTQYF,TRBV20-1,TRBJ2-3,120.0,3.295587866963709E-5
CSARAGGSLGEQFF,TRBV20-1,TRBJ2-1,120.0,3.295587866963709E-5
CSARDPQATGEQYV,TRBV20-1,TRBJ2-7,120.0,3.295587866963709E-5
CATRQGEAGELFF,TRBV10-3,TRBJ2-2,120.0,3.295587866963709E-5
CASSLAWEETQYF,TRBV5-5,TRBJ2-5,120.0,3.295587866963709E-5
CSAVQGLNNEQYV,TRBV20-1,TRBJ2-7,120.0,3.295587866963709E-5
CASSENNEQFF,TRBV5-6,TRBJ2-1,120.0,3.295587866963709E-5
CASSLSGGQGSNQPQHF,TRBV27,TRBJ1-5,119.0,3.268124634739011E-5
CSARGQGTLVTGETQYF,TRBV20-1,TRBJ2-5,119.0,3.268124634739011E-5
CASSPQGAGVKNIQYF,TRBV12-4,TRBJ2-4,119.0,3.268124634739011E-5
CASSVDPQPSYEQYF,TRBV12-3,TRBJ2-7,119.0,3.268124634739011E-5
CASSWTGGAYNEQFF,TRBV5-1,TRBJ2-1,119.0,3.268124634739011E-5
CSARVAPPSGTEAFF,TRBV20-1,TRBJ1-1,119.0,3.268124634739011E-5
CATSPSHAYNEQFF,TRBV24-1,TRBJ2-1,119.0,3.268124634739011E-5
CSVFGGTGVETQYF,TRBV29-1,TRBJ2-5,119.0,3.268124634739011E-5
CASSQDRNSPLHF,TRBV12-3,TRBJ1-6,119.0,3.268124634739011E-5
CSAQRLTGELFF,TRBV29-1,TRBJ2-2,119.0,3.268124634739011E-5
CSARGGNEQFF,TRBV20-1,TRBJ2-1,119.0,3.268124634739011E-5
CAISVGSDSPWDTEAFF,TRBV10-3,TRBJ1-1,118.0,3.240661402514314E-5
CASSSGLGASGRNEQFF,TRBV9,TRBJ2-1,118.0,3.240661402514314E-5
CASSFAGTSGVYNEQFF,TRBV5-1,TRBJ2-1,118.0,3.240661402514314E-5
CASSYGQGLGETQYF,TRBV6-5,TRBJ2-5,118.0,3.240661402514314E-5
CASSLIGNKAYEQYF,TRBV7-2,TRBJ2-7,118.0,3.240661402514314E-5
CASSPDGGTDTQYF,TRBV9,TRBJ2-3,118.0,3.240661402514314E-5
CASRDRMHNSPLHF,TRBV12-4,TRBJ1-6,118.0,3.240661402514314E-5
CATTRRDRDGYTF,TRBV24-1,TRBJ1-2,118.0,3.240661402514314E-5
CASSGDSKNIQYF,TRBV12-3,TRBJ2-4,118.0,3.240661402514314E-5
CSVERDAVGYTF,TRBV29-1,TRBJ1-2,118.0,3.240661402514314E-5
CAISLQSGGLLEGYTF,TRBV10-3,TRBJ1-2,117.0,3.213198170289616E-5
CASSALKGGSGSEQFF,TRBV7-8,TRBJ2-1,117.0,3.213198170289616E-5
CASSYEDRSYNEQFF,TRBV6-6,TRBJ2-1,117.0,3.213198170289616E-5
CSANRDREPNEQFF,TRBV20-1,TRBJ2-1,117.0,3.213198170289616E-5
CAIKKAGDNEQFF,TRBV10-3,TRBJ2-1,117.0,3.213198170289616E-5
CSERTRSGELFF,TRBV29-1,TRBJ2-2,117.0,3.213198170289616E-5
CASTLWGGTLTSYNEQFF,TRBV28,TRBJ2-1,116.0,3.1857349380649185E-5
CASSYSSGTGINYGYTF,TRBV6-5,TRBJ1-2,116.0,3.1857349380649185E-5
CASSFWSTEASSYEQYV,TRBV12-4,TRBJ2-7,116.0,3.1857349380649185E-5
CASSQVLGRTNTGELFF,TRBV4-1,TRBJ2-2,116.0,3.1857349380649185E-5
CASSPSWHSNTEAFF,TRBV18,TRBJ1-1,116.0,3.1857349380649185E-5
CASSTATSGAYEQYF,TRBV5-1,TRBJ2-7,116.0,3.1857349380649185E-5
CASTAAPPPADTQYF,TRBV5-1,TRBJ2-3,116.0,3.1857349380649185E-5
CSARSDAGTALTQYF,TRBV20-1,TRBJ2-3,116.0,3.1857349380649185E-5
CASSEAGFGRPQHF,TRBV7-9,TRBJ1-5,116.0,3.1857349380649185E-5
CSVDGQGEADTQYF,TRBV29-1,TRBJ2-3,116.0,3.1857349380649185E-5
CSAIRGWGETQYF,TRBV20-1,TRBJ2-5,116.0,3.1857349380649185E-5
CASSVLNTEAFF,TRBV7-8,TRBJ1-1,116.0,3.1857349380649185E-5
CSASDQEYEQYF,TRBV20-1,TRBJ2-7,116.0,3.1857349380649185E-5
CASSMTRLNTGELFF,TRBV4-1,TRBJ2-2,115.0,3.158271705840221E-5
CATASGRENQPQHF,TRBV10-3,TRBJ1-5,115.0,3.158271705840221E-5
CSARGNRLAYEQYF,TRBV20-1,TRBJ2-7,115.0,3.158271705840221E-5
CSAAGKTDTQYF,TRBV20-1,TRBJ2-3,115.0,3.158271705840221E-5
CASSQSGLAGVSDTQYF,TRBV4-1,TRBJ2-3,114.0,3.130808473615523E-5
CASSPTGTSLRHEQFF,TRBV12-3,TRBJ2-1,114.0,3.130808473615523E-5
CASSLRGTVYNEQFF,TRBV12-3,TRBJ2-1,114.0,3.130808473615523E-5
CATLVGTGGYGYTF,TRBV6-5,TRBJ1-2,114.0,3.130808473615523E-5
CASSAGTSAYEQYF,TRBV9,TRBJ2-7,114.0,3.130808473615523E-5
CASSPGRSTDTQYF,TRBV5-1,TRBJ2-3,114.0,3.130808473615523E-5
CSARATSGVYEQFF,TRBV20-1,TRBJ2-1,114.0,3.130808473615523E-5
CSVDRGTRNTEAFF,TRBV29-1,TRBJ1-1,114.0,3.130808473615523E-5
CSVDGLAGLDTQYF,TRBV29-1,TRBJ2-3,114.0,3.130808473615523E-5
CASTPLGPGELFF,TRBV12-3,TRBJ2-2,114.0,3.130808473615523E-5
CASIITGTGPPNTGELFF,TRBV7-9,TRBJ2-2,113.0,3.103345241390826E-5
CASSLGSLALSSYNEQFF,TRBV28,TRBJ2-1,113.0,3.103345241390826E-5
CASSYSPGTGIYNEQFF,TRBV6-6,TRBJ2-1,113.0,3.103345241390826E-5
CASSMDGGNQPQHF,TRBV5-1,TRBJ1-5,113.0,3.103345241390826E-5
CSANLGGTNEKLFF,TRBV29-1,TRBJ1-4,113.0,3.103345241390826E-5
CSVVGTGELFF,TRBV29-1,TRBJ2-2,113.0,3.103345241390826E-5
CATSDPSPSSYNEQFF,TRBV24-1,TRBJ2-1,112.0,3.0758820091661287E-5
CASSQLISGNSDTQYF,TRBV3-1,TRBJ2-3,112.0,3.0758820091661287E-5
CASSSSGRNNNEQFF,TRBV7-3,TRBJ2-1,112.0,3.0758820091661287E-5
CASRAGDAGNQPQHF,TRBV5-5,TRBJ1-5,112.0,3.0758820091661287E-5
CSARTSDREYQPQHF,TRBV20-1,TRBJ1-5,112.0,3.0758820091661287E-5
CSVDSLAATYNEQFF,TRBV29-1,TRBJ2-1,112.0,3.0758820091661287E-5
CASGTVGGEETQYF,TRBV12-3,TRBJ2-5,112.0,3.0758820091661287E-5
CASSPGLLAYEQYF,TRBV9,TRBJ2-7,112.0,3.0758820091661287E-5
CASSPTPASNEQFF,TRBV7-2,TRBJ2-1,112.0,3.0758820091661287E-5
CASSHVQDTEAFF,TRBV12-3,TRBJ1-1,112.0,3.0758820091661287E-5
CASSLDPQGATGNTIYF,TRBV5-5,TRBJ1-3,111.0,3.0484187769414307E-5
CSARDISGGLYNEQFF,TRBV20-1,TRBJ2-1,111.0,3.0484187769414307E-5
CASSLYEQYNQPQHF,TRBV5-5,TRBJ1-5,111.0,3.0484187769414307E-5
CSVEGRGRSYNEQFF,TRBV29-1,TRBJ2-1,111.0,3.0484187769414307E-5
CATSRAGADGELFF,TRBV15,TRBJ2-2,111.0,3.0484187769414307E-5
CASSFEGGTDTQYF,TRBV27,TRBJ2-3,111.0,3.0484187769414307E-5
CASSLTRQETQYF,TRBV7-6,TRBJ2-5,111.0,3.0484187769414307E-5
CASSELAGGTYNEQFF,TRBV6-1,TRBJ2-1,110.0,3.020955544716733E-5
CASSLRGQGVVTEAFF,TRBV7-8,TRBJ1-1,110.0,3.020955544716733E-5
CASSYRAQRGDNEQFF,TRBV5-1,TRBJ2-1,110.0,3.020955544716733E-5
CASSQVDMGFTDTQYF,TRBV4-1,TRBJ2-3,110.0,3.020955544716733E-5
CASSLDGALNSPLHF,TRBV12-3,TRBJ1-6,110.0,3.020955544716733E-5
CASSLGTTFSYEQYF,TRBV5-1,TRBJ2-7,110.0,3.020955544716733E-5
CASSERSGTDTQYF,TRBV6-4,TRBJ2-3,110.0,3.020955544716733E-5
CASSLDRRLALPFF,TRBV11-2,TRBJ2-1,110.0,3.020955544716733E-5
CSAVAGGSTDTQYF,TRBV20-1,TRBJ2-3,110.0,3.020955544716733E-5
CSAAGRRGVDTQYF,TRBV20-1,TRBJ2-3,110.0,3.020955544716733E-5
CASSPPQETQYF,TRBV18,TRBJ2-5,110.0,3.020955544716733E-5
CASSSSNYGYTF,TRBV7-9,TRBJ1-2,110.0,3.020955544716733E-5
CSATSGSATQYF,TRBV29-1,TRBJ2-5,110.0,3.020955544716733E-5
CASSLSGGRGTEAFF,TRBV27,TRBJ1-1,109.0,2.9934923124920358E-5
CASRHKGGSAEAFF,TRBV13,TRBJ1-1,109.0,2.9934923124920358E-5
CASSLASSGFEQFF,TRBV5-1,TRBJ2-1,109.0,2.9934923124920358E-5
CSAKTGVYIDEQFF,TRBV20-1,TRBJ2-1,109.0,2.9934923124920358E-5
CSARVPGGNTEAFF,TRBV29-1,TRBJ1-1,109.0,2.9934923124920358E-5
CASSEPNTGELFF,TRBV25-1,TRBJ2-2,109.0,2.9934923124920358E-5
CASSRTTGDGYTF,TRBV12-4,TRBJ1-2,109.0,2.9934923124920358E-5
CATSQGSYEQYF,TRBV24-1,TRBJ2-7,109.0,2.9934923124920358E-5
CASSLRTTEAFF,TRBV2,TRBJ1-1,109.0,2.9934923124920358E-5
CASSLGGNEQFF,TRBV7-3,TRBJ2-1,109.0,2.9934923124920358E-5
CASSLQRGYTDTQYF,TRBV12-4,TRBJ2-3,108.0,2.9660290802673382E-5
CASSPGTSGRYEQYF,TRBV3-1,TRBJ2-7,108.0,2.9660290802673382E-5
CATSRDTENEKLFF,TRBV15,TRBJ1-4,108.0,2.9660290802673382E-5
CASSVSTGNTEAFF,TRBV6-4,TRBJ1-1,108.0,2.9660290802673382E-5
CASSWGLAGDTQYF,TRBV5-1,TRBJ2-3,108.0,2.9660290802673382E-5
CSVSWSSSHNEQFF,TRBV29-1,TRBJ2-1,108.0,2.9660290802673382E-5
CSVEKVLRNTEAFF,TRBV29-1,TRBJ1-1,108.0,2.9660290802673382E-5
CASSQDWASGAYNEQFF,TRBV4-2,TRBJ2-1,107.0,2.9385658480426406E-5
CASSSEPTGGSNQPQHF,TRBV5-1,TRBJ1-5,107.0,2.9385658480426406E-5
CASSSQGGNEKLFF,TRBV6-5,TRBJ1-4,107.0,2.9385658480426406E-5
CSAGDGFNEKLFF,TRBV20-1,TRBJ1-4,107.0,2.9385658480426406E-5
CASSQHPGTGATGELFF,TRBV4-1,TRBJ2-2,106.0,2.911102615817943E-5
CASSRQGSGTFYEQYF,TRBV7-9,TRBJ2-7,106.0,2.911102615817943E-5
CATRPRGGSGETQYF,TRBV12-3,TRBJ2-5,106.0,2.911102615817943E-5
CASSDSQGGPGELFF,TRBV25-1,TRBJ2-2,106.0,2.911102615817943E-5
CASSPVGASNQPQHF,TRBV5-1,TRBJ1-5,106.0,2.911102615817943E-5
CSATWDRDYNEQFF,TRBV20-1,TRBJ2-1,106.0,2.911102615817943E-5
CASNTQGTGELFF,TRBV12-4,TRBJ2-2,106.0,2.911102615817943E-5
CATSDTGLEQFF,TRBV24-1,TRBJ2-1,106.0,2.911102615817943E-5
CASSNTDTQYF,TRBV7-8,TRBJ2-3,106.0,2.911102615817943E-5
CASSLHLSRTSGSHTQYF,TRBV28,TRBJ2-3,105.0,2.8836393835932453E-5
CASSELLAVFPSRYEQYF,TRBV2,TRBJ2-7,105.0,2.8836393835932453E-5
CSARVGKVAGFEYEQYF,TRBV20-1,TRBJ2-7,105.0,2.8836393835932453E-5
CASSLLGTGAQETQYF,TRBV28,TRBJ2-5,105.0,2.8836393835932453E-5
CASSYSTRQNTGELFF,TRBV6-6,TRBJ2-2,105.0,2.8836393835932453E-5
CASSLVGGRQGQPQHF,TRBV7-2,TRBJ1-5,105.0,2.8836393835932453E-5
CASSLEGSSSYNEQFF,TRBV7-2,TRBJ2-1,105.0,2.8836393835932453E-5
CASVRGAGLYNEQFF,TRBV7-9,TRBJ2-1,105.0,2.8836393835932453E-5
CASSLGGRLRNEQFF,TRBV27,TRBJ2-1,105.0,2.8836393835932453E-5
CSARLDSGANVLTF,TRBV29-1,TRBJ2-6,105.0,2.8836393835932453E-5
CASSPGSNEGYTF,TRBV12-3,TRBJ1-2,105.0,2.8836393835932453E-5
CASTLNADTQYF,TRBV28,TRBJ2-3,105.0,2.8836393835932453E-5
CASSLGSYEQYF,TRBV7-6,TRBJ2-7,105.0,2.8836393835932453E-5
CSAGGANVLTF,TRBV20-1,TRBJ2-6,105.0,2.8836393835932453E-5
CASSQGDRVGSNEQFF,TRBV4-2,TRBJ2-1,104.0,2.8561761513685477E-5
CASSSEVQGQEAEAFF,TRBV5-1,TRBJ1-1,104.0,2.8561761513685477E-5
CASSEEVTGATEAFF,TRBV6-1,TRBJ1-1,104.0,2.8561761513685477E-5
CASSKLAGVVDEQFF,TRBV7-6,TRBJ2-1,104.0,2.8561761513685477E-5
CSAPSVGGGTETQYF,TRBV20-1,TRBJ2-5,104.0,2.8561761513685477E-5
CASSSLIWNTEAFF,TRBV7-2,TRBJ1-1,104.0,2.8561761513685477E-5
CATSAREGHGYTF,TRBV24-1,TRBJ1-2,104.0,2.8561761513685477E-5
CASSVHENYGYTF,TRBV6-1,TRBJ1-2,104.0,2.8561761513685477E-5
CASSLALADTQYF,TRBV7-6,TRBJ2-3,104.0,2.8561761513685477E-5
CASSLDSHNEQFF,TRBV7-7,TRBJ2-1,104.0,2.8561761513685477E-5
CSAREGGTTEAFF,TRBV20-1,TRBJ1-1,104.0,2.8561761513685477E-5
CVVGRETGELFF,TRBV24-1,TRBJ2-2,104.0,2.8561761513685477E-5
CASSPTSGRKFF,TRBV7-8,TRBJ2-1,104.0,2.8561761513685477E-5
CASSHGGNEQFF,TRBV3-1,TRBJ2-1,104.0,2.8561761513685477E-5
CSGMGMNTEAFF,TRBV20-1,TRBJ1-1,104.0,2.8561761513685477E-5
CASMGNYGYTF,TRBV28,TRBJ1-2,104.0,2.8561761513685477E-5
CSAQKTGELFF,TRBV29-1,TRBJ2-2,104.0,2.8561761513685477E-5
CASSRGRNVGNTIYF,TRBV28,TRBJ1-3,103.0,2.82871291914385E-5
CASSRQGGNYNEQFF,TRBV7-2,TRBJ2-1,103.0,2.82871291914385E-5
CSASQGLAGNEQFF,TRBV20-1,TRBJ2-1,103.0,2.82871291914385E-5
CATSGQGQETQYF,TRBV24-1,TRBJ2-5,103.0,2.82871291914385E-5
CASSSGISYEQYF,TRBV5-1,TRBJ2-7,103.0,2.82871291914385E-5
CASSFRGNIQYF,TRBV28,TRBJ2-4,103.0,2.82871291914385E-5
CASRRIGTSGGSSANEQFF,TRBV7-8,TRBJ2-1,102.0,2.8012496869191528E-5
CASSPPPQAGGTEAFF,TRBV7-2,TRBJ1-1,102.0,2.8012496869191528E-5
CASRHRTGPNTGELFF,TRBV6-1,TRBJ2-2,102.0,2.8012496869191528E-5
CASAETSGSLYEQYF,TRBV2,TRBJ2-7,102.0,2.8012496869191528E-5
CASSPLAGKVYEQYF,TRBV12-3,TRBJ2-7,102.0,2.8012496869191528E-5
CASMFSVTAGTEAFF,TRBV5-1,TRBJ1-1,102.0,2.8012496869191528E-5
CSARPGSPNEKLFF,TRBV20-1,TRBJ1-4,102.0,2.8012496869191528E-5
CASSFEAGYEQYF,TRBV12-3,TRBJ2-7,102.0,2.8012496869191528E-5
CASSLDHNQPQHF,TRBV7-8,TRBJ1-5,102.0,2.8012496869191528E-5
CSANRQGKNIQYF,TRBV20-1,TRBJ2-4,102.0,2.8012496869191528E-5
CATSDTDRTSYNEQFF,TRBV24-1,TRBJ2-1,101.0,2.7737864546944552E-5
CATSQELEVAEAFF,TRBV15,TRBJ1-1,101.0,2.7737864546944552E-5
CASSTSGPAYEQYF,TRBV6-1,TRBJ2-7,101.0,2.7737864546944552E-5
CASSQSDRDPGYTF,TRBV14,TRBJ1-2,101.0,2.7737864546944552E-5
CASSLTGVDGYTF,TRBV12-4,TRBJ1-2,101.0,2.7737864546944552E-5
CATKRTASRGYTF,TRBV10-2,TRBJ1-2,101.0,2.7737864546944552E-5
CAISSPSYGYTF,TRBV10-3,TRBJ1-2,101.0,2.7737864546944552E-5
CASNNYRTEAFF,TRBV12-4,TRBJ1-1,101.0,2.7737864546944552E-5
CASSQGPGATQRNSPLHF,TRBV4-1,TRBJ1-6,100.0,2.7463232224697576E-5
CATSSGTSGIPRDTQYF,TRBV15,TRBJ2-3,100.0,2.7463232224697576E-5
CASSDLTGGGTDTQYF,TRBV6-4,TRBJ2-3,100.0,2.7463232224697576E-5
CASSLGRLIAKNIQYF,TRBV7-2,TRBJ2-4,100.0,2.7463232224697576E-5
CASSEVEGLSYNEQFF,TRBV7-9,TRBJ2-1,100.0,2.7463232224697576E-5
CSARAIVDGDTGELFF,TRBV20-1,TRBJ2-2,100.0,2.7463232224697576E-5
CATSAGTIHTGELFF,TRBV24-1,TRBJ2-2,100.0,2.7463232224697576E-5
CASSSAFEVYNEQFF,TRBV5-5,TRBJ2-1,100.0,2.7463232224697576E-5
CASSPWPSGTGELFF,TRBV5-6,TRBJ2-2,100.0,2.7463232224697576E-5
CASSQMTSGNTEAFF,TRBV3-1,TRBJ1-1,100.0,2.7463232224697576E-5
CSARERGLAGSEQFF,TRBV20-1,TRBJ2-1,100.0,2.7463232224697576E-5
CASSGGLTGGEQYV,TRBV7-9,TRBJ2-7,100.0,2.7463232224697576E-5
CSASLGRGYNEQFF,TRBV20-1,TRBJ2-1,100.0,2.7463232224697576E-5
CSVAVGQAGNEQFF,TRBV29-1,TRBJ2-1,100.0,2.7463232224697576E-5
CASSLTVGDTQYF,TRBV12-3,TRBJ2-3,100.0,2.7463232224697576E-5
CASSGGESETQYF,TRBV25-1,TRBJ2-5,100.0,2.7463232224697576E-5
CASSLEPRDGYTF,TRBV5-5,TRBJ1-2,100.0,2.7463232224697576E-5
CASSSIDRGEQYF,TRBV7-2,TRBJ2-7,100.0,2.7463232224697576E-5
CASTAGGKNIQYF,TRBV5-1,TRBJ2-4,100.0,2.7463232224697576E-5
CSVEGAAYNEQFF,TRBV29-1,TRBJ2-1,100.0,2.7463232224697576E-5
CSARDDRYEQYV,TRBV20-1,TRBJ2-7,100.0,2.7463232224697576E-5
CSAGQGPYEQYF,TRBV29-1,TRBJ2-7,100.0,2.7463232224697576E-5
CASSFAGTIYF,TRBV12-4,TRBJ1-3,100.0,2.7463232224697576E-5
CATSGPGLAGGPTYNEQFF,TRBV24-1,TRBJ2-1,99.0,2.71885999024506E-5
CATSGTGYPTKSYNEQFF,TRBV24-1,TRBJ2-1,99.0,2.71885999024506E-5
CASSQPRATANTGELFF,TRBV9,TRBJ2-2,99.0,2.71885999024506E-5
CASSSPLGTGTDTQYF,TRBV5-1,TRBJ2-3,99.0,2.71885999024506E-5
CATSVTSESYNEQFF,TRBV15,TRBJ2-1,99.0,2.71885999024506E-5
CASSHLGQGPNEQFF,TRBV28,TRBJ2-1,99.0,2.71885999024506E-5
CSATQTSGGPDTQYF,TRBV20-1,TRBJ2-3,99.0,2.71885999024506E-5
CASRSTQGAGELFF,TRBV12-4,TRBJ2-2,99.0,2.71885999024506E-5
CATFGTVNEKLFF,TRBV28,TRBJ1-4,99.0,2.71885999024506E-5
CASSRQGTHEQYF,TRBV18,TRBJ2-7,99.0,2.71885999024506E-5
CASSLVGSYEQYF,TRBV12-3,TRBJ2-7,99.0,2.71885999024506E-5
CSFQTGALHEQYF,TRBV29-1,TRBJ2-7,99.0,2.71885999024506E-5
CASSITDTQYF,TRBV9,TRBJ2-3,99.0,2.71885999024506E-5
CATSRDRSTSGKTQYF,TRBV15,TRBJ2-5,98.0,2.6913967580203623E-5
CASSSQSVSTNYGYTF,TRBV12-3,TRBJ1-2,98.0,2.6913967580203623E-5
CSARVTRGGTGELFF,TRBV20-1,TRBJ2-2,98.0,2.6913967580203623E-5
CASSVAGGSAEAFF,TRBV9,TRBJ1-1,98.0,2.6913967580203623E-5
CASSLAERGYEQFF,TRBV5-1,TRBJ2-1,98.0,2.6913967580203623E-5
CASSYSSNQPQHF,TRBV12-3,TRBJ1-5,98.0,2.6913967580203623E-5
CASSPGVSGYTF,TRBV12-4,TRBJ1-2,98.0,2.6913967580203623E-5
CSVVQFF,TRBV29-1,TRBJ2-1,98.0,2.6913967580203623E-5
CATSRDNRRIQETQYF,TRBV15,TRBJ2-5,97.0,2.6639335257956647E-5
CASSRAGLAYGLEQYF,TRBV5-5,TRBJ2-7,97.0,2.6639335257956647E-5
CASSRGSSGSTDTQYF,TRBV6-6,TRBJ2-3,97.0,2.6639335257956647E-5
CASSYASSGTGELFF,TRBV6-5,TRBJ2-2,97.0,2.6639335257956647E-5
CASSPRQAYNSPLHF,TRBV12-4,TRBJ1-6,97.0,2.6639335257956647E-5
CASKGQGGNNSPLHF,TRBV6-2,TRBJ1-6,97.0,2.6639335257956647E-5
CSAGDLAGLDNEQFF,TRBV20-1,TRBJ2-1,97.0,2.6639335257956647E-5
CSVLYPGQGTDTQYF,TRBV29-1,TRBJ2-3,97.0,2.6639335257956647E-5
CASSPLGGSNEQFF,TRBV6-6,TRBJ2-1,97.0,2.6639335257956647E-5
CASSVGTEAYEQYF,TRBV9,TRBJ2-7,97.0,2.6639335257956647E-5
CSASGSGSGTEAFF,TRBV20-1,TRBJ1-1,97.0,2.6639335257956647E-5
CSARDMGSNTEAFF,TRBV20-1,TRBJ1-1,97.0,2.6639335257956647E-5
CASGLVDGTEAFF,TRBV12-5,TRBJ1-1,97.0,2.6639335257956647E-5
CSASPALNEQFF,TRBV20-1,TRBJ2-1,97.0,2.6639335257956647E-5
CSVGTVNTEAFF,TRBV29-1,TRBJ1-1,97.0,2.6639335257956647E-5
CAISGGPGQGFYEQYF,TRBV10-3,TRBJ2-7,96.0,2.636470293570967E-5
CASSLGSPPRRDTQYF,TRBV5-5,TRBJ2-3,96.0,2.636470293570967E-5
CASGYRTATQETQYF,TRBV12-5,TRBJ2-5,96.0,2.636470293570967E-5
CASSLAGGPYNEQFF,TRBV5-5,TRBJ2-1,96.0,2.636470293570967E-5
CASSGDSASTDTQYF,TRBV9,TRBJ2-3,96.0,2.636470293570967E-5
CASS*RSSGNTIYF,TRBV6-5,TRBJ1-3,96.0,2.636470293570967E-5
CASSSGPNTEAFF,TRBV12-3,TRBJ1-1,96.0,2.636470293570967E-5
CASSDGQSYEQYF,TRBV2,TRBJ2-7,96.0,2.636470293570967E-5
CASSSTGGDTQYF,TRBV7-7,TRBJ2-3,96.0,2.636470293570967E-5
CSAVGQGVIEQYF,TRBV20-1,TRBJ2-7,96.0,2.636470293570967E-5
CASSSGWTSGRPGELFF,TRBV5-1,TRBJ2-2,95.0,2.6090070613462695E-5
CASSLEGLAGVDTQYF,TRBV5-1,TRBJ2-3,95.0,2.6090070613462695E-5
CASSFLDRGNTEAFF,TRBV12-3,TRBJ1-1,95.0,2.6090070613462695E-5
CASSYRRELNTEAFF,TRBV12-3,TRBJ1-1,95.0,2.6090070613462695E-5
CASSSQGIVNQPQHF,TRBV7-2,TRBJ1-5,95.0,2.6090070613462695E-5
CASSSGLGTNTEAFF,TRBV5-1,TRBJ1-1,95.0,2.6090070613462695E-5
CASSAGHMNTEAFF,TRBV5-1,TRBJ1-1,95.0,2.6090070613462695E-5
CSVEDRLSTDTQYF,TRBV29-1,TRBJ2-3,95.0,2.6090070613462695E-5
CSARIKGRNTSNQPQHF,TRBV20-1,TRBJ1-5,94.0,2.5815438291215722E-5
CASSPQTGGTGELFF,TRBV12-3,TRBJ2-2,94.0,2.5815438291215722E-5
CASSETSAHTDTQYF,TRBV6-4,TRBJ2-3,94.0,2.5815438291215722E-5
CASSFVQGQETQYF,TRBV12-3,TRBJ2-5,94.0,2.5815438291215722E-5
CASSLVGGDQPQHF,TRBV7-6,TRBJ1-5,94.0,2.5815438291215722E-5
CSAKETVAYNEQFF,TRBV20-1,TRBJ2-1,94.0,2.5815438291215722E-5
CASSLLLQGEAFF,TRBV12-3,TRBJ1-1,94.0,2.5815438291215722E-5
CASSLQLNTEAFF,TRBV28,TRBJ1-1,94.0,2.5815438291215722E-5
CSARSVGQGEAFF,TRBV20-1,TRBJ1-1,94.0,2.5815438291215722E-5
CSVEFSAKNIQYF,TRBV29-1,TRBJ2-4,94.0,2.5815438291215722E-5
CSVGAAYNEQFF,TRBV29-1,TRBJ2-1,94.0,2.5815438291215722E-5
CIAGTDYGYTF,TRBV20-1,TRBJ1-2,94.0,2.5815438291215722E-5
CASSHPPDGSSYNEQFF,TRBV4-1,TRBJ2-1,93.0,2.5540805968968746E-5
CSARDTGSAYNEQFF,TRBV20-1,TRBJ2-1,93.0,2.5540805968968746E-5
CASSGGPQNTEAFF,TRBV12-3,TRBJ1-1,93.0,2.5540805968968746E-5
CASSTSGSSDTQYF,TRBV12-4,TRBJ2-3,93.0,2.5540805968968746E-5
CSASGTSGYNEQFF,TRBV20-1,TRBJ2-1,93.0,2.5540805968968746E-5
CASSLLWDSPLHF,TRBV5-5,TRBJ1-6,93.0,2.5540805968968746E-5
CASSGLNDNEQFF,TRBV5-1,TRBJ2-1,93.0,2.5540805968968746E-5
CSARGQTAIEAFF,TRBV20-1,TRBJ1-1,93.0,2.5540805968968746E-5
CSVRGTAGNTIYF,TRBV29-1,TRBJ1-3,93.0,2.5540805968968746E-5
CSVGVILTGELFF,TRBV29-1,TRBJ2-2,93.0,2.5540805968968746E-5
CASSDEVNEQFF,TRBV6-4,TRBJ2-1,93.0,2.5540805968968746E-5
CSASWGSETQYF,TRBV20-1,TRBJ2-5,93.0,2.5540805968968746E-5
CSAGDGSYEQYF,TRBV29-1,TRBJ2-7,93.0,2.5540805968968746E-5
CASSFFRGVGGSGANVLTF,TRBV6-5,TRBJ2-6,92.0,2.526617364672177E-5
CASSQRDWAAHDYGYTF,TRBV4-2,TRBJ1-2,92.0,2.526617364672177E-5
CASSPIRTTVTDTQYF,TRBV12-4,TRBJ2-3,92.0,2.526617364672177E-5
CSVEKNLAGDRYEQYF,TRBV29-1,TRBJ2-7,92.0,2.526617364672177E-5
CASSSGVAGTDTQYF,TRBV5-5,TRBJ2-3,92.0,2.526617364672177E-5
CSVNLGQGGPYEQYF,TRBV29-1,TRBJ2-7,92.0,2.526617364672177E-5
CASQFRGIGETQYF,TRBV5-6,TRBJ2-5,92.0,2.526617364672177E-5
CASSFSSPGSTQYF,TRBV28,TRBJ2-3,92.0,2.526617364672177E-5
CASSLGPTTDTQYF,TRBV12-3,TRBJ2-3,92.0,2.526617364672177E-5
CASSRQNSGNTIYF,TRBV6-6,TRBJ1-3,92.0,2.526617364672177E-5
CSARTGYSDTEAFF,TRBV20-1,TRBJ1-1,92.0,2.526617364672177E-5
CASSLLARVQQFF,TRBV28,TRBJ2-1,92.0,2.526617364672177E-5
CASSYERGRGYTF,TRBV6-2,TRBJ1-2,92.0,2.526617364672177E-5
CASSPGLAYEQYF,TRBV11-3,TRBJ2-7,92.0,2.526617364672177E-5
CASSSGGFNEQFF,TRBV5-1,TRBJ2-1,92.0,2.526617364672177E-5
CSALSWGETQYF,TRBV20-1,TRBJ2-5,92.0,2.526617364672177E-5
CASSFQETQYF,TRBV5-1,TRBJ2-5,92.0,2.526617364672177E-5
CASSLSSGQGSNQPQHF,TRBV27,TRBJ1-5,91.0,2.4991541324474793E-5
CASSPLVISRTDNEQFF,TRBV11-2,TRBJ2-1,91.0,2.4991541324474793E-5
CATSRDYTSGNIQYF,TRBV15,TRBJ2-4,91.0,2.4991541324474793E-5
CASSIRRQGPYGYTF,TRBV7-2,TRBJ1-2,91.0,2.4991541324474793E-5
CASSLDGTYNSPLHF,TRBV5-1,TRBJ1-6,91.0,2.4991541324474793E-5
CASSSATGGAYEQYF,TRBV5-1,TRBJ2-7,91.0,2.4991541324474793E-5
CASSAGTVNTGELFF,TRBV5-1,TRBJ2-2,91.0,2.4991541324474793E-5
CASSLRGSPYEQYF,TRBV28,TRBJ2-7,91.0,2.4991541324474793E-5
CASSPGLAAYEQYF,TRBV12-3,TRBJ2-7,91.0,2.4991541324474793E-5
CSVEFGSGSNEQFF,TRBV29-1,TRBJ2-1,91.0,2.4991541324474793E-5
CASSITANTEAFF,TRBV28,TRBJ1-1,91.0,2.4991541324474793E-5
CASSLEGQPQHF,TRBV28,TRBJ1-5,91.0,2.4991541324474793E-5
